26365,Casing_and_Q,NW Casing > Casing - 10' New,5,$101.36,100%,$506.80
26366,Casing_and_Q,NW Casing > Casing - 5' New,0,$64.44,100%,$0.00
26368,Casing_and_Q,NW Casing > Casing - 2' New,0,$39.36,100%,$0.00
26365U,Casing_and_Q,NW Casing > Casing - 10' Used,28,$101.36,0%,$0.00
26366U,Casing_and_Q,NW Casing > Casing - 5' Used,2,$64.44,0%,$0.00
26368U,Casing_and_Q,NW Casing > Casing - 2' Used,4,$39.36,0%,$0.00
3541556,Casing_and_Q,NRQHP > Drill Rod - 10' New,0,$98.17,100%,$0.00
3541556U,Casing_and_Q,NRQHP > Drill Rod - 10' Used,119,$98.17,50%,"$5,841.12"
26371,Casing_and_Q,HW Casing > Casing - 5' New,47,$165.00,100%,"$7,755.00"
26371U,Casing_and_Q,HW Casing > Casing - 5' Used,0,$85.25,0%,$0.00
26373,Casing_and_Q,HW Casing > Casing - 2' New,0,$0.00,0%,$0.00
26373U,Casing_and_Q,HW Casing > Casing - 2' Used,0,$47.00,0%,$0.00
306243U,Casing_and_Q,HRQHP > Drill Rod - 3M Used,52,$90.67,0%,$0.00
3541558U,Casing_and_Q,HRQHP > Drill Rod - 10' Used,44,$98.17,50%,"$2,159.74"
3541558,Casing_and_Q,HRQHP > Drill Rod - 10' New,0,$223.44,100%,$0.00
0,Casing_and_Q,NRQ > Drill Rod 10 New,9,$98.17,100%,$883.53
-,Casing_and_Q,NRQ > Drill Rod  10 Used,105,$98.17,50%,"$5,153.93"
15141,NQ_Wireline_Parts,NQ > Compression spring,8,$2.08,100%,$16.64
15965,NQ_Wireline_Parts,NQ > Locking Sleeve Dry hole release,3,$60.48,100%,$181.44
17447,NQ_Wireline_Parts,NQ > Hyd grease fitting,0,$1.83,100%,$0.00
18298,NQ_Wireline_Parts,NQ > Hanger bearing,11,$14.71,100%,$161.81
22918,NQ_Wireline_Parts,NQ > Stover lock nut,9,$2.08,100%,$18.72
24305,NQ_Wireline_Parts,"NQ > Spring pin 1/2"" X 2""",21,$1.60,100%,$33.60
24312,NQ_Wireline_Parts,NQ > Thrust bearing,6,$15.49,100%,$92.94
24313,NQ_Wireline_Parts,NQ > Compression spring,12,$12.88,100%,$154.56
24548,NQ_Wireline_Parts,"NQ > Spring pin 1/2"" X 1-1/2""",42,$2.28,100%,$95.76
24885,NQ_Wireline_Parts,NQ > Hex nut,8,$3.40,100%,$27.20
24886,NQ_Wireline_Parts,NQ > Spindle,1,$44.75,100%,$44.75
24887,NQ_Wireline_Parts,NQ > Shut off valve Black (soft),36,$5.08,100%,$182.88
24888,NQ_Wireline_Parts,NQ > Valve adjusting washer,11,$1.63,100%,$17.93
24889,NQ_Wireline_Parts,NQ > Spindle bearing,8,$21.26,100%,$170.08
24891,NQ_Wireline_Parts,"NQ > Inner tubes, 10' Standard  ",5,$48.11,100%,$240.55
24892,NQ_Wireline_Parts,NQ > Core Lifter Case,24,$13.44,100%,$322.56
24893,NQ_Wireline_Parts,NQ > Stop Ring,36,$4.37,100%,$157.32
24896,NQ_Wireline_Parts,NQ > Adapter Coupling,1,$36.18,100%,$36.18
24897,NQ_Wireline_Parts,NQ > Landing Ring,14,$9.69,100%,$135.66
24898,NQ_Wireline_Parts,"NQ > Outer tubes, 10' Standard New",4,$152.86,100%,$611.44
24900,NQ_Wireline_Parts,NQ > Thread protector,1,$27.92,100%,$27.92
25319,NQ_Wireline_Parts,NQ > NQ Tube wrenches,4,$90.60,100%,$362.40
25985,NQ_Wireline_Parts,NQ > Castle nut,2,$2.56,100%,$5.12
25986,NQ_Wireline_Parts,NQ > Thrust bearing,5,$7.90,100%,$39.50
25990,NQ_Wireline_Parts,NQ > Cable swivel collar,3,$10.31,100%,$30.93
25991,NQ_Wireline_Parts,NQ > Eye bolt,2,$26.66,100%,$53.32
26134,NQ_Wireline_Parts,"NQ/HQ > O-Ring, Pump out System",2,$0.58,100%,$1.16
30457,NQ_Wireline_Parts,NQ/HQ > Cable Swivel Assembly,2,$206.76,100%,$413.52
30488,NQ_Wireline_Parts,NQ > Core Lifter,66,$7.98,100%,$526.68
37382,NQ_Wireline_Parts,NQ > Check valve body,3,$24.31,100%,$72.93
37394,NQ_Wireline_Parts,"NQ > Spring pin 1/4"" x 1 3/4""",13,$1.38,100%,$17.94
40664,NQ_Wireline_Parts,NQ > Inner tube cap assembly,5,$74.93,100%,$374.65
42905,NQ_Wireline_Parts,"NQ > Pin 7/16"" X 1"" Spiral",10,$2.95,100%,$29.50
42906,NQ_Wireline_Parts,"NQ > Plain Pin 1/2""x115/16""latch pin",12,$3.20,100%,$38.40
42913,NQ_Wireline_Parts,NQ > Spearhead point,9,$20.20,100%,$181.80
42914,NQ_Wireline_Parts,NQ > Detent plunger,6,$7.04,100%,$42.24
44209,NQ_Wireline_Parts,NQ >  Shut Off Valve YELLOW hard,19,$6.08,100%,$115.52
44407,NQ_Wireline_Parts,NQ > Stabilizer,4,$16.64,100%,$66.56
44442,NQ_Wireline_Parts,NQ > Set screw,2,$0.80,100%,$1.60
44444,NQ_Wireline_Parts,NQ > Cable swivel body,2,$6.46,100%,$12.92
44615,NQ_Wireline_Parts,NQ >  Cotter Pin for E2Y lock O.S.,3,$0.00,100%,$0.00
44733,NQ_Wireline_Parts,NQ > Latch spring,11,$1.63,100%,$17.93
62374,NQ_Wireline_Parts,NQ > BRG 22mm sst Ball,28,$3.23,100%,$90.44
62380,NQ_Wireline_Parts,NQ > Bushing-Landing Indicator,20,$4.12,100%,$82.40
102231,NQ_Wireline_Parts,NQ > Hex nut,3,$6.08,100%,$18.24
104816,NQ_Wireline_Parts,NQ > Latch,22,$8.04,100%,$176.88
306002,NQ_Wireline_Parts,"NQ > Corebarrel Assembly, 10'",0,$876.46,100%,$0.00
306008,NQ_Wireline_Parts,NQ > Lower latch body,2,$61.16,100%,$122.32
306009,NQ_Wireline_Parts,NQ > Landing shoulder,6,$10.36,100%,$62.16
306022,NQ_Wireline_Parts,NQ > Washer,16,$15.35,100%,$245.60
306454,NQ_Wireline_Parts,NQ > Link,25,$7.88,100%,$197.00
306455,NQ_Wireline_Parts,NQ > Latch retracting case,2,$38.36,100%,$76.72
354674,NQ_Wireline_Parts,NQ > Ezy lock overshot (new style),0,$601.20,100%,$0.00
3540329,NQ_Wireline_Parts,NQ > Spearhead base,7,$38.31,100%,$268.17
3540515,NQ_Wireline_Parts,NQ/HQ > Jar Tube new,2,$85.51,100%,$171.02
3540515,NQ_Wireline_Parts,NQ/HQ > Jar Tube Used,3,$85.51,0%,$0.00
3540516,NQ_Wireline_Parts,NQ/HQ > Jar Staff,3,$6.20,100%,$18.60
3540517,NQ_Wireline_Parts,NQ > Overshot head,2,$160.39,100%,$320.78
3540529,NQ_Wireline_Parts,NQ/HQ > Lifting dog,8,$27.98,100%,$223.84
3541778,NQ_Wireline_Parts,"NQ > Latch body, upper section",5,$124.21,100%,$621.05
3541827,NQ_Wireline_Parts,NQ > NRQHP Locking Coupling Conven,0,$0.00,100%,$0.00
3541932,NQ_Wireline_Parts,"NQ > Nyloc bolt 3/8"" - 16 - unc + 3/4""",8,$3.34,100%,$26.72
3542027,NQ_Wireline_Parts,NQ > Compression spring,28,$6.20,100%,$173.60
3542751,NQ_Wireline_Parts,NQ > Head assembly USED,6,$534.82,0%,$0.00
3543772,NQ_Wireline_Parts,"NQ/HQ > EZY Lock O.S. Ball 11/32""",0,$0.24,100%,$0.00
3543812,NQ_Wireline_Parts,NQ > Latch compression spring,18,$2.13,100%,$38.34
3544103,NQ_Wireline_Parts,NQ/HQ > EZY Lock O.S. Cap,0,$26.17,100%,$0.00
3544105,NQ_Wireline_Parts,NQ/HQ > EZY Lock Overshot Spring,0,$0.00,100%,$0.00
3545403,NQ_Wireline_Parts,NQ > Locking coupling with Tang,0,$88.30,100%,$0.00
3546744,NQ_Wireline_Parts,NQ > EZY Lock O.S. Assembly,0,$631.96,100%,$0.00
3546746,NQ_Wireline_Parts,NQ > EZY Lock O.S. Head,0,$160.39,100%,$0.00
24891U,NQ_Wireline_Parts,"NQ > Inner tubes, 10' Standard Used",15,$149.00,0%,$0.00
24898U,NQ_Wireline_Parts,"NQ > Outer tubes, 10' Standard Used",3,$305.00,0%,$0.00
-,NQ_Wireline_Parts,NQ > Chuck jaws,3,$175.00,100%,$525.00
15141,HQ_Wireline_Parts,HQ > Comp.Springfor detant.SH,0,$0.43,100%,$0.00
15965,HQ_Wireline_Parts,HQ > Locking Sleeve,0,$48.39,100%,$0.00
24305,HQ_Wireline_Parts,"HQ > Spring pin 1/2"" x 2""",16,$1.19,100%,$19.04
24312,HQ_Wireline_Parts,HQ > Hangar Bearing,2,$19.30,100%,$38.60
24524,HQ_Wireline_Parts,"HQ > Spring pin 1/2"" x 2 3/4""",4,$0.48,100%,$1.92
24528,HQ_Wireline_Parts,HQ > Thrust Bearing,0,$17.68,100%,$0.00
24529,HQ_Wireline_Parts,HQ > Compression Spring,3,$0.40,100%,$1.20
25231,HQ_Wireline_Parts,HQ > Spindle,1,$41.68,100%,$41.68
25232,HQ_Wireline_Parts,"HQ > Shut off Rubbers,Black(Soft)",0,$5.19,100%,$0.00
25233,HQ_Wireline_Parts,HQ > Vale Adjuster Washer,17,$2.70,100%,$45.90
25234,HQ_Wireline_Parts,HQ > Spindle bearing,2,$43.28,100%,$86.56
25236,HQ_Wireline_Parts,"HQ > Inner Tubes, 10' New",4,$139.00,100%,$556.00
25237,HQ_Wireline_Parts,HQ > Core Lifter Case,14,$16.53,100%,$231.42
25238,HQ_Wireline_Parts,HQ > Stop Ring,16,$8.23,100%,$131.68
25241,HQ_Wireline_Parts,HQ > Adapter Coupling,4,$38.28,100%,$153.12
25242,HQ_Wireline_Parts,HQ > Landing Ring,4,$20.28,100%,$81.12
25243,HQ_Wireline_Parts,"HQ > Outer Tubes, 10' New",0,$0.00,100%,$0.00
25258,HQ_Wireline_Parts,HQ > Inner Tube 5' New,0,$0.00,100%,$0.00
25259,HQ_Wireline_Parts,HQ > Outer Tube 5' New,0,$0.00,100%,$0.00
25324,HQ_Wireline_Parts,HQ > Spindle Busing,3,$0.00,100%,$0.00
26513,HQ_Wireline_Parts,HQ > HQ-3 Splits,2,$184.39,100%,$368.78
26514,HQ_Wireline_Parts,HQ > HQ-3 Core lifter Cases,6,$24.98,100%,$149.88
26515,HQ_Wireline_Parts,HQ > HQ-3 Stop Rings,0,$6.16,100%,$0.00
26516,HQ_Wireline_Parts,HQ > HQ-3Core lifters,21,$29.38,100%,$616.98
28255,HQ_Wireline_Parts,HQ > Inner Tube Wrenches,0,$135.94,100%,$0.00
30489,HQ_Wireline_Parts,HQ > Core Lifters,30,$9.41,100%,$282.30
38464,HQ_Wireline_Parts,HQ/NW > HQ JAWS,5,$159.68,100%,$798.40
40401,HQ_Wireline_Parts,HQ > Grease Cap,0,$99.35,100%,$0.00
40678,HQ_Wireline_Parts,HQ > Innter Tube Cap Assembly,1,$0.00,100%,$0.00
42905,HQ_Wireline_Parts,"HQ > Sprial Pin /16"" x 1""",0,$0.00,100%,$0.00
42906,HQ_Wireline_Parts,HQ > Plain Pin 1/2 x 15/16,0,$4.21,100%,$0.00
42913,HQ_Wireline_Parts,HQ > Spear Head,0,$20.20,100%,$0.00
43513,HQ_Wireline_Parts,"HQ > Shut Off Valve,Yellow,(hard)",7,$0.00,100%,$0.00
44408,HQ_Wireline_Parts,HQ > Stabilizing Ring,0,$21.32,100%,$0.00
44574,HQ_Wireline_Parts,HQ > Hex adjustment nut,0,$0.00,100%,$0.00
62374,HQ_Wireline_Parts,HQ > Stainless steel ball 22mm,0,$0.00,100%,$0.00
62380,HQ_Wireline_Parts,HQ > Landing Indicator Bushing,0,$0.00,100%,$0.00
63515,HQ_Wireline_Parts,HQ > Corebarrel Assembly 10' used,6,"$1,364.28",0%,$0.00
63515,HQ_Wireline_Parts,HQ > Corebarrel Assembly 10' new,0,"$1,364.28",100%,$0.00
103465,HQ_Wireline_Parts,HQ > Store Lock nut,2,$0.00,100%,$0.00
104818,HQ_Wireline_Parts,"HQ > Latch, HQ",6,$16.97,100%,$101.82
104953,HQ_Wireline_Parts,HQ > Washer,6,$5.08,100%,$30.48
104957,HQ_Wireline_Parts,HQ > Lower latch body,0,$0.00,100%,$0.00
104958,HQ_Wireline_Parts,HQ > Landing Ring,1,$26.09,100%,$26.09
105818,HQ_Wireline_Parts,HQ > Washer,2,$0.00,100%,$0.00
306216,HQ_Wireline_Parts,HQ > Latch Link,6,$7.26,100%,$43.56
3540516,HQ_Wireline_Parts,HQ > Jar Staff,2,$23.86,100%,$47.72
3540529,HQ_Wireline_Parts,HQ > Lifting Dog,3,$28.81,100%,$86.43
3541056,HQ_Wireline_Parts,HQ > Upper Latch body,0,$0.00,100%,$0.00
3540330,HQ_Wireline_Parts,HQ > Spear Head Base,0,$52.94,100%,$0.00
3541829,HQ_Wireline_Parts,HQ > Locking Coupling,1,$186.07,100%,$186.07
3541932,HQ_Wireline_Parts,"HQ > Nyloc Bolt 3/8"" x 3/4""",0,$0.00,100%,$0.00
3542941,HQ_Wireline_Parts,HQ > HQ Head Assembly New,0,$792.46,100%,$0.00
3542941,HQ_Wireline_Parts,HQ > HQ Head Assemby Used,6,$0.00,0%,$0.00
3542947,HQ_Wireline_Parts,HQ > Core Barrel Assembly 10'New,0,$0.00,100%,$0.00
3543619,HQ_Wireline_Parts,"HQ > Springs, latch cmpression",3,$0.00,100%,$0.00
3545407,HQ_Wireline_Parts,HQ > Locking Coupling,0,$159.04,100%,$0.00
3546750,HQ_Wireline_Parts,HQ > EZY Lock O.S Assembly,0,$0.00,0%,$0.00
3548105,HQ_Wireline_Parts,"HQ > Washer, Nord Lock",0,$0.00,0%,$0.00
25236U,HQ_Wireline_Parts,"HQ > Inner Tubes, 10' used",3,$152.36,0%,$0.00
25243U,HQ_Wireline_Parts,"HQ > Outer Tubes, 10' used",4,$242.60,0%,$0.00
25258U,HQ_Wireline_Parts,HQ > Inner Tube 5' Used,0,$0.00,0%,$0.00
25259U,HQ_Wireline_Parts,HQ > Outer Tube 5' Used,0,$0.00,0%,$0.00
3542941U,HQ_Wireline_Parts,HQ > HQ Head Assembly,6,$792.46,0%,$0.00
3542947U,HQ_Wireline_Parts,HQ > Core Barrel Assembly 10'Used,4,$0.00,0%,$0.00
Logan,HQ_Wireline_Parts,HQ > Corebarrel Clamp bushing,2,$75.00,100%,$150.00
4373304,Diamond_Articles,NQ Bits > Fordia T-Rex 4-6,6,$325.00,100%,"$1,950.00"
6435804,Diamond_Articles,NQ Bits > Fordia T-Rex 6-9,2,$325.00,100%,$650.00
4892903,Diamond_Articles,NQ Bits > Fordia Shark 13,2,$350.00,100%,$700.00
6086901,Diamond_Articles,NQ Bits > Fordia Shark 2 Turbo,2,$350.00,100%,$700.00
4213109,Diamond_Articles,NQ Bits > Fordia Shark 2,0,$350.00,100%,$0.00
4582705,Diamond_Articles,NQ Bits > Fordia Shark 2 Face D,0,$350.00,100%,$0.00
6762703,Diamond_Articles,NQ Bits > Fordia P-200 Turbo,1,$325.00,100%,$325.00
6845101,Diamond_Articles,NQ Bits > Fordia P-260,3,$325.00,100%,$975.00
3422310,Diamond_Articles,NQ Bits > Fordia P-260 Turbo,2,$350.00,100%,$700.00
4389806,Diamond_Articles,NQ Bits > Fordia Blitz 23,2,$325.00,100%,$650.00
762716,Diamond_Articles,NQ Bits > Dimatec 07,1,$345.00,100%,$345.00
1442702,Diamond_Articles,NQ Bits > Longyear Alpha 09,11,$425.00,100%,"$4,675.00"
1337735,Diamond_Articles,NQ Bits > Longyear Alpha 08,0,$425.00,100%,$0.00
819896,Diamond_Articles,NQ Bits > Longyear Alpha 07,0,$425.00,100%,$0.00
813272,Diamond_Articles,NQ Bits > Longyear Alpha 06,6,$425.00,100%,"$2,550.00"
-,Diamond_Articles,NQ Bits > Hayden  4,3,$312.50,100%,$937.50
07448-4,Diamond_Articles,NQ Bit > Hayden 2,4,$312.50,100%,"$1,250.00"
-,Diamond_Articles,NQ Bit > Fordia T-Rex 9-11,0,$345.00,100%,$0.00
-,Diamond_Articles,NQ Bit > Fordia Turbo #9901,3,$345.00,100%,"$1,035.00"
-,Diamond_Articles,NQ Bit > Fordia Hero 3,2,$345.00,100%,$690.00
74484-04,Diamond_Articles,NQ Reamshell > Fordia - Rhino,2,$295.00,100%,$590.00
-,Diamond_Articles,NQ Bit > Fordia-Hero 7,1,$345.00,100%,$345.00
-,Diamond_Articles,NQ Cas.shoe > Fordia Gator Green,6,$85.00,100%,$510.00
-,Diamond_Articles,NQ Cas.shoe > Fordia Gator Blue,0,$85.00,100%,$0.00
-,Diamond_Articles,NQ Bit > Fordia Hero 11,2,$345.00,100%,$690.00
-,Diamond_Articles,NQ3 FD > Hole Products,4,$575.00,100%,"$2,300.00"
-,Diamond_Articles,HQ Bit > Fordia T-Rex 4-6,1,$550.00,100%,$550.00
6737601,Diamond_Articles,HQ Bits > Fordia Shark2 Face Disch.,1,$583.68,100%,$583.68
2352001,Diamond_Articles,HQ -  3 Bits > Fordia T-Rex 4x6 T.T.,0,$668.00,100%,$0.00
-,Diamond_Articles,HQ -  3 Bits > Fast Drill T.T.face dischg.,1,$668.00,100%,$668.00
6987106,Diamond_Articles,HQ - 3 Bit > Fordia T-Rex 9-11,3,$668.00,100%,"$2,004.00"
2352901,Diamond_Articles,HQ - 3 Bit > Fordia Shark 7 T.T.,0,$668.00,100%,$0.00
-,Diamond_Articles,HQ - 3 Bit > Longyear Alpha 7 T.T.,2,$630.00,100%,"$1,260.00"
-,Diamond_Articles,HQ Bit  > Longyear Alpha 9 Ext.,1,$630.00,100%,$630.00
-,Diamond_Articles,HWL > Hayden # 15,9,$595.00,100%,"$5,355.00"
7448404,Diamond_Articles,HQ Reamshell > Fordia Rhino,0,$360.00,100%,$0.00
-,Diamond_Articles,HQ Cas. Shoe > Fordia Gator (blue),0,$230.00,100%,$0.00
-,Diamond_Articles,HQ Cas. Shoe > Fordia Gator (green),0,$230.00,100%,$0.00
1741995,Diamond_Articles,HQ Cas. Bit > Longyear HRQ shoe bit,2,$230.00,100%,$460.00
6211,Longyear_38_Drill_Spares,LY38 > Bearings,3,$10.00,100%,$30.00
11931,Longyear_38_Drill_Spares,LY38 > Retainer,3,$51.15,100%,$153.45
15470,Longyear_38_Drill_Spares,LY38 > Alt belt,3,$8.52,100%,$25.56
15540,Longyear_38_Drill_Spares,LY38 > Blower belt,4,$12.76,100%,$51.04
15689,Longyear_38_Drill_Spares,LY38 > Bushing,0,$24.50,100%,$0.00
17209,Longyear_38_Drill_Spares,LY38 > Clutch Yoke,0,$128.40,100%,$0.00
17249,Longyear_38_Drill_Spares,LY38 > Rivet,50,$2.40,100%,$120.00
17834,Longyear_38_Drill_Spares,LY38 > Lock nut,4,$8.00,100%,$32.00
18851,Longyear_38_Drill_Spares,LY38 > Bearing,1,$30.10,100%,$30.10
19255,Longyear_38_Drill_Spares,LY38 > Seal,3,$63.90,100%,$191.70
19704,Longyear_38_Drill_Spares,LY38 > Seal,8,$19.95,100%,$159.60
19709,Longyear_38_Drill_Spares,LY38 > Lock washer,0,$4.00,100%,$0.00
19710,Longyear_38_Drill_Spares,LY38 > Lock nut,2,$14.70,100%,$29.40
19711,Longyear_38_Drill_Spares,LY38 > Lock washer,0,$4.12,100%,$0.00
19712,Longyear_38_Drill_Spares,LY38 > Lock nut,2,$8.52,100%,$17.04
19913,Longyear_38_Drill_Spares,LY38 > Wodriff key,6,$8.60,100%,$51.60
20111,Longyear_38_Drill_Spares,LY38 > Rod,0,$1.50,100%,$0.00
21075,Longyear_38_Drill_Spares,LY38 > Bearing timkin,2,$16.10,100%,$32.20
21942,Longyear_38_Drill_Spares,"LY38 > Shaft, Intermed. Gear",0,$249.75,100%,$0.00
21945,Longyear_38_Drill_Spares,LY38 > Bearing spacer,3,$56.50,100%,$169.50
21948,Longyear_38_Drill_Spares,LY38 > Seal & bearing retainer,2,$140.90,100%,$281.80
21951,Longyear_38_Drill_Spares,LY38 > Sliding gear,1,$876.30,100%,$876.30
21953,Longyear_38_Drill_Spares,LY38 > Shaft,0,$939.00,100%,$0.00
21975,Longyear_38_Drill_Spares,LY38 > Thrust washer,4,$49.50,100%,$198.00
22045,Longyear_38_Drill_Spares,LY38 > Brake handle,1,$264.50,100%,$264.50
22056,Longyear_38_Drill_Spares,"LY38 > Rod, 38 support",5,$40.15,100%,$200.75
22064,Longyear_38_Drill_Spares,"LY38 > Pin,38 brake",4,$25.50,100%,$102.00
22065,Longyear_38_Drill_Spares,LY38 > Shifter fork yoke,2,$395.40,100%,$790.80
22088,Longyear_38_Drill_Spares,"LY38 > Seal, Oil",4,$25.50,100%,$102.00
22089,Longyear_38_Drill_Spares,LY38 > Bearing,4,$41.95,100%,$167.80
22091,Longyear_38_Drill_Spares,LY38 > Bearing,5,$80.55,100%,$402.75
22092,Longyear_38_Drill_Spares,LY38 > Planetary bearing,7,$41.00,100%,$287.00
22093,Longyear_38_Drill_Spares,LY38 > Bearing,6,$40.90,100%,$245.40
22094,Longyear_38_Drill_Spares,LY38 > Bearing,3,$90.55,100%,$271.65
22095,Longyear_38_Drill_Spares,LY38 > Bearing,0,$96.95,100%,$0.00
22096,Longyear_38_Drill_Spares,LY38 > Bearing,0,$53.20,100%,$0.00
22098,Longyear_38_Drill_Spares,LY38 > Snap ring,6,$9.10,100%,$54.60
22329,Longyear_38_Drill_Spares,LY38 > Spacer,2,$99.05,100%,$198.10
22330,Longyear_38_Drill_Spares,LY38 > Retaining ring,2,$17.70,100%,$35.40
22331,Longyear_38_Drill_Spares,LY38 > Bearing,7,$195.85,100%,"$1,370.95"
22333,Longyear_38_Drill_Spares,LY38 > Bearing,12,$125.68,100%,"$1,508.16"
22390,Longyear_38_Drill_Spares,"LY38 > Seal, Oil",1,$38.85,100%,$38.85
22391,Longyear_38_Drill_Spares,"LY38 > Washer, keyed",5,$12.15,100%,$60.75
22393,Longyear_38_Drill_Spares,LY38 > Camm follower,10,$28.30,100%,$283.00
22400,Longyear_38_Drill_Spares,LY38 > Grease fitting,5,$2.56,100%,$12.80
22580,Longyear_38_Drill_Spares,LY38 > Spacer W/L drum,5,$71.65,100%,$358.25
22644,Longyear_38_Drill_Spares,LY38 > Roll pin,6,$3.05,100%,$18.30
22647,Longyear_38_Drill_Spares,"LY38 > Spring Pin 3/16"" x 1""",4,$2.45,100%,$9.80
22715,Longyear_38_Drill_Spares,LY38 > Retainer Ext hub gear,4,$5.30,100%,$21.20
23424,Longyear_38_Drill_Spares,LY38 > Spring,2,$21.32,100%,$42.64
23638,Longyear_38_Drill_Spares,"LY38 > Supt, 44 HST clutch",0,$162.15,100%,$0.00
23639,Longyear_38_Drill_Spares,LY38 > Actuator clutch w/l hoist,1,$104.90,100%,$104.90
23640,Longyear_38_Drill_Spares,LY38 > Wireline sprocket lg.,0,$115.15,100%,$0.00
23644,Longyear_38_Drill_Spares,LY38 > Clutch disc,1,$126.55,100%,$126.55
23648,Longyear_38_Drill_Spares,"LY38 > Supt, 44 HST shaft",2,$313.15,100%,$626.30
23669,Longyear_38_Drill_Spares,LY38 > Wireline brake band,1,$0.00,100%,$0.00
23672,Longyear_38_Drill_Spares,LY38 > Brakeband wireline,1,$0.00,0%,$0.00
23673,Longyear_38_Drill_Spares,LY38 > Brakeband liner,0,$0.00,0%,$0.00
23863,Longyear_38_Drill_Spares,LY38 > Spring,0,$3.08,100%,$0.00
23997,Longyear_38_Drill_Spares,"LY38 > Shaft, 38 bevel pin",1,$640.60,100%,$640.60
24283,Longyear_38_Drill_Spares,LY38 > Planetary thrust washer,4,$51.60,100%,$206.40
24284,Longyear_38_Drill_Spares,LY38 > Planetary,5,$358.55,100%,"$1,792.75"
24285,Longyear_38_Drill_Spares,LY38 > Planetary pin shaft,4,$108.00,100%,$432.00
24680,Longyear_38_Drill_Spares,"LY38 > Lever ASM, 38 shift",0,$264.10,100%,$0.00
25150,Longyear_38_Drill_Spares,LY38 > Seal upper,1,$114.90,100%,$114.90
25152,Longyear_38_Drill_Spares,LY38 > Housing,0,$1.50,100%,$0.00
25153,Longyear_38_Drill_Spares,LY38 > Ball bearing,2,$397.45,100%,$794.90
25156,Longyear_38_Drill_Spares,"LY38 > Seal, oil",0,$72.35,100%,$0.00
25157,Longyear_38_Drill_Spares,LY38 > Cross head BRG CA,0,$450.00,100%,$0.00
25160,Longyear_38_Drill_Spares,"LY38 > Seal, H hand oil",5,$88.55,100%,$442.75
25163,Longyear_38_Drill_Spares,LY38 > Seal,3,$97.00,100%,$291.00
25164,Longyear_38_Drill_Spares,LY38 > Shim set,1,$72.75,100%,$72.75
25199,Longyear_38_Drill_Spares,LY38 > Key H Dead,1,$7.40,100%,$7.40
25371,Longyear_38_Drill_Spares,LY38 > Bearing,4,$180.15,100%,$720.60
26201,Longyear_38_Drill_Spares,LY38 > Knob,1,$95.55,100%,$95.55
26202,Longyear_38_Drill_Spares,LY38 > Pin,2,$57.00,100%,$114.00
26204,Longyear_38_Drill_Spares,LY38 > Shifter lever spring ,1,$15.75,100%,$15.75
26205,Longyear_38_Drill_Spares,LY38 > Shift lever,1,$147.35,100%,$147.35
26209,Longyear_38_Drill_Spares,LY38 > Spider flange,1,$491.90,100%,$491.90
26217,Longyear_38_Drill_Spares,LY38 > Shaft  New ,0,"$1,077.25",100%,$0.00
26218,Longyear_38_Drill_Spares,"LY38 > Shaft, clutch",1,$674.00,100%,$674.00
26219,Longyear_38_Drill_Spares,"LY38 > Key, clutch shaft",0,$12.05,100%,$0.00
26220,Longyear_38_Drill_Spares,"LY38 > Key, clutch shaft",0,$10.25,100%,$0.00
26222,Longyear_38_Drill_Spares,LY38 > Snap ring,6,$5.20,100%,$31.20
26223,Longyear_38_Drill_Spares,LY38 > Spring,6,$6.75,100%,$40.50
26224,Longyear_38_Drill_Spares,LY38 > SKF bearing,0,$24.55,100%,$0.00
26480,Longyear_38_Drill_Spares,"LY38 > Spring, compression",7,$4.45,100%,$31.15
26628,Longyear_38_Drill_Spares,LY38 > Lock washer,5,$7.65,100%,$38.25
28321,Longyear_38_Drill_Spares,LY38 > Jaw springs,5,$3.60,100%,$18.00
28324,Longyear_38_Drill_Spares,LY38 > Clamp cylinder,3,$33.55,100%,$100.65
28335,Longyear_38_Drill_Spares,"LY38 > Bush, NQ rod",4,$206.05,100%,$824.20
28342,Longyear_38_Drill_Spares,LY38 > 4 1/2 hood bolts,7,$18.70,100%,$130.90
28565,Longyear_38_Drill_Spares,LY38 > Clutch lever,0,$359.52,100%,$0.00
28567,Longyear_38_Drill_Spares,LY38 > Shaft 38 Yoke,0,$249.70,100%,$0.00
28577,Longyear_38_Drill_Spares,"LY38 > Key, ret",4,$33.40,100%,$133.60
28992,Longyear_38_Drill_Spares,LY38 > Chuck hood,0,"$1,141.10",100%,$0.00
28993,Longyear_38_Drill_Spares,LY38 > Quad ring,3,$6.70,100%,$20.10
28994,Longyear_38_Drill_Spares,LY38 > Quad ring,3,$11.00,100%,$33.00
28995,Longyear_38_Drill_Spares,LY38 > Quad ring,3,$13.60,100%,$40.80
28996,Longyear_38_Drill_Spares,LY38 > O-ring,3,$5.30,100%,$15.90
28997,Longyear_38_Drill_Spares,LY38 > Drive tube adapter,2,$295.85,100%,$591.70
29052,Longyear_38_Drill_Spares,LY38 > Chuck cover (new)),0,$464.80,100%,$0.00
29052,Longyear_38_Drill_Spares,LY38 > Chuck cover (used),0,$464.80,0%,$0.00
29807,Longyear_38_Drill_Spares,LY38 > Chuck assembly (used),0,"$1,902.75",50%,$0.00
29807,Longyear_38_Drill_Spares,LY38 > Chuck assembly (new),0,"$1,902.75",100%,$0.00
30086,Longyear_38_Drill_Spares,"LY38 > Bushing, front",1,$28.65,100%,$28.65
30087,Longyear_38_Drill_Spares,"LY38 > Bushing, rear",1,$56.85,100%,$56.85
30088,Longyear_38_Drill_Spares,LY38 > O-ring,6,$2.45,100%,$14.70
30191,Longyear_38_Drill_Spares,LY38 > Snap ring,7,$6.40,100%,$44.80
35297,Longyear_38_Drill_Spares,LY38 > Snap ring,5,$6.95,100%,$34.75
35522,Longyear_38_Drill_Spares,LY38 > Pinion gear,2,$518.60,100%,"$1,037.20"
35833,Longyear_38_Drill_Spares,LY38 > Spacer,3,$32.20,100%,$96.60
35850,Longyear_38_Drill_Spares,LY38 > Tension Rod,1,$65.20,100%,$65.20
37730,Longyear_38_Drill_Spares,LY38 > Cylinder packing kit,1,$57.95,100%,$57.95
38496,Longyear_38_Drill_Spares,LY38 > #80 Flex Element,0,$793.20,100%,$0.00
39633,Longyear_38_Drill_Spares,LY38 > Jam Nut,8,$5.10,100%,$40.80
39647,Longyear_38_Drill_Spares,LY38 > Spacer W/L drum,2,$35.50,100%,$71.00
39648,Longyear_38_Drill_Spares,LY38 > Spacer,3,$99.05,100%,$297.15
39650,Longyear_38_Drill_Spares,LY38 > W/L comp spring,1,$88.40,100%,$88.40
39651,Longyear_38_Drill_Spares,LY38 > Bearing,5,$28.45,100%,$142.25
40466,Longyear_38_Drill_Spares,LY38 > Bevel Gear,2,$837.60,100%,"$1,675.20"
40506,Longyear_38_Drill_Spares,LY38 > Chuck hood rings,3,$14.80,100%,$44.40
44507,Longyear_38_Drill_Spares,LY38 > Nut jam 7/8-9,0,$3.35,100%,$0.00
44545,Longyear_38_Drill_Spares,LY38 > Bolt,1,$3.10,100%,$3.10
44591,Longyear_38_Drill_Spares,LY38 > 1X8 castle,4,$10.00,100%,$40.00
44594,Longyear_38_Drill_Spares,"LY38 > Rivets, 3/16""x5/8"" brakeband",36,$2.40,100%,$86.40
44766,Longyear_38_Drill_Spares,LY38 > Retainer Ext hub gear,0,$2.40,100%,$0.00
44952,Longyear_38_Drill_Spares,LY38 > 5/8 X 24 unf,0,$0.50,100%,$0.00
48925,Longyear_38_Drill_Spares,"LY38 > Rivets, 3/16"" x 7/16""",0,$0.00,0%,$0.00
51507,Longyear_38_Drill_Spares,LY38 > Seal ring,1,$61.70,100%,$61.70
51508,Longyear_38_Drill_Spares,"LY38 > Seal ring, segmented",2,$89.25,100%,$178.50
52013,Longyear_38_Drill_Spares,LY38 > Clutch band assembly,0,$754.90,100%,$0.00
52014,Longyear_38_Drill_Spares,LY38 > Lining brade sets,0,$181.44,100%,$0.00
52016,Longyear_38_Drill_Spares,LY38 > Lining brake sets,2,$264.60,100%,$529.20
52021,Longyear_38_Drill_Spares,LY38 > Brake band assembly,0,$843.45,100%,$0.00
61431,Longyear_38_Drill_Spares,"LY38 > Spring, compression",16,$39.75,100%,$636.00
61450,Longyear_38_Drill_Spares,LY38 > Lubrication hose,1,$45.10,100%,$45.10
61626,Longyear_38_Drill_Spares,LY38 > Spring bar,6,$91.30,100%,$547.80
62436,Longyear_38_Drill_Spares,"LY38 > 4"" spring bolts",10,$32.30,50%,$161.50
63081,Longyear_38_Drill_Spares,LY38 > Bearings,5,$67.60,100%,$338.00
75116,Longyear_38_Drill_Spares,LY38 > Locking pin spring,0,$4.45,100%,$0.00
75122,Longyear_38_Drill_Spares,LY38 > Locking pin ,2,$25.55,100%,$51.10
75123,Longyear_38_Drill_Spares,LY38 > Springs Release,0,$4.45,100%,$0.00
75155,Longyear_38_Drill_Spares,LY38 > Disc roller,0,$114.30,100%,$0.00
75156,Longyear_38_Drill_Spares,LY38 > Adjusting yoke,0,$230.30,100%,$0.00
78608,Longyear_38_Drill_Spares,LY38 > Floating plate,1,$253.70,100%,$253.70
78781,Longyear_38_Drill_Spares,LY38 > Bearing T18,1,$24.05,100%,$24.05
79162,Longyear_38_Drill_Spares,LY38 > Backing plate,0,$642.05,100%,$0.00
95889,Longyear_38_Drill_Spares,LY38 > Drive plates,2,$89.30,100%,$178.60
103287,Longyear_38_Drill_Spares,LY38 > Retainer Ext hub gear,0,$61.90,100%,$0.00
103351,Longyear_38_Drill_Spares,LY38 > Extended hub gear,0,$890.16,100%,$0.00
103352,Longyear_38_Drill_Spares,LY38 > Ext hub gear lock nut,2,$183.95,100%,$367.90
7259016,Longyear_38_Drill_Spares,LY38 > Check valve,0,$74.98,100%,$0.00
E40468,Longyear_38_Drill_Spares,LY38 > Quill,0,"$1,329.60",100%,$0.00
FC51-3/4,Longyear_38_Drill_Spares,LY38 > WP flow control,2,$96.60,100%,$193.20
20115,Longyear_38_Drill_Spares,LY38 > Jam Nut,2,$22.26,100%,$44.52
20114,Longyear_38_Drill_Spares,LY38 > Bolt Lock,2,$94.35,100%,$188.70
V500CS-12,Longyear_38_Drill_Spares,LY38 > Ball valve,1,$38.98,100%,$38.98
-,Longyear_38_Drill_Spares,LY38 > Wireline  (Ft),800,$0.42,100%,$333.33
-,Longyear_38_Drill_Spares,LY38 > NewT-18 transmission Reb.,1,"$1,000.00",100%,"$1,000.00"
-,Longyear_38_Drill_Spares,LY38 > H drill head Rebuilt,1,"$3,000.00",100%,"$3,000.00"
-,Longyear_38_Drill_Spares,LY38 > Hoist drum Rebuilt,0,"$1,500.00",100%,$0.00
-,Longyear_38_Drill_Spares,LY38 > Lever Assembly Clutch/Br,0,$500.00,100%,$0.00
-,Longyear_38_Drill_Spares,LY38 > Drive Tube with new,0,$0.00,0%,$0.00
-,Longyear_38_Drill_Spares,LY38 > bearings,2,$800.00,100%,"$1,600.00"
22197,John_Bean_420_Pump_Spares,435 Bean > Brass nuts ,4,$3.56,100%,$14.24
25160,John_Bean_420_Pump_Spares,420 Bean > Seal,0,$70.84,100%,$0.00
25307,John_Bean_420_Pump_Spares,420 Bean > Ball 7/8,1,$3.78,100%,$3.78
29321,John_Bean_420_Pump_Spares,435 Bean > Seats Red,0,$27.63,100%,$0.00
75004,John_Bean_420_Pump_Spares,420 Bean > Plunger cup,4,$9.92,100%,$39.68
75008,John_Bean_420_Pump_Spares,420 Bean > Cyl. Head,0,$37.57,100%,$0.00
75009,John_Bean_420_Pump_Spares,420 Bean > Valve Cover,0,$32.80,100%,$0.00
75010,John_Bean_420_Pump_Spares,420 Bean > Cyl. Stud,0,$10.24,100%,$0.00
75012,John_Bean_420_Pump_Spares,420 Bean > Packing Nut,4,$22.98,100%,$91.92
75026,John_Bean_420_Pump_Spares,420 Bean > Gasket cover,13,$4.10,100%,$53.30
75027,John_Bean_420_Pump_Spares,420 Bean > Brass Nut,0,$4.10,100%,$0.00
75028,John_Bean_420_Pump_Spares,420 Bean > Plunger cup,6,$70.63,100%,$423.78
75059,John_Bean_420_Pump_Spares,"420 Bean > Washer, packing",7,$1.51,100%,$10.57
75060,John_Bean_420_Pump_Spares,420 Bean > Ceramic Cylinder,8,$117.92,100%,$943.36
75066,John_Bean_420_Pump_Spares,420 Bean > Cyl. Gasket,15,$1.28,100%,$19.20
75067,John_Bean_420_Pump_Spares,"420 Bean > Gasket, cyl.valve cover copper",11,$1.28,100%,$14.08
75067,John_Bean_420_Pump_Spares,"420 Bean > Gasket, cyl.valve cover fiber ",12,$0.64,100%,$7.68
75068,John_Bean_420_Pump_Spares,420 Bean > Cyl. Gasket Head (metal),1,$2.63,100%,$2.63
75071,John_Bean_420_Pump_Spares,435 Bean > Cylinder gaskets,38,$3.56,100%,$135.28
75079,John_Bean_420_Pump_Spares,"420 Bean > Bearing, con rod",6,$63.59,100%,$381.54
78538,John_Bean_420_Pump_Spares,420 Bean > Connecting Rod,1,$385.96,100%,$385.96
78540,John_Bean_420_Pump_Spares,420 Bean > Wrist pin,3,$16.77,100%,$50.31
78543,John_Bean_420_Pump_Spares,420 Bean > Pinion Shaft Bearing,3,$33.72,100%,$101.16
78545,John_Bean_420_Pump_Spares,"420 Bean > Stud, valve cover",12,$7.08,100%,$84.96
79073,John_Bean_420_Pump_Spares,420 Bean > Pinion Bearing Cover,2,$82.79,100%,$165.58
79074,John_Bean_420_Pump_Spares,420 Bean > Cover with hole,2,$48.26,100%,$96.52
79075,John_Bean_420_Pump_Spares,420 Bean > Gasket,6,$1.44,100%,$8.64
79081,John_Bean_420_Pump_Spares,420 Bean > Oil filler cap,1,$18.53,100%,$18.53
79083,John_Bean_420_Pump_Spares,420 Bean > Crankshaft bearing gasket,1,$1.99,100%,$1.99
79084,John_Bean_420_Pump_Spares,420 Bean > Crankshaft shim,2,$1.70,100%,$3.40
79087,John_Bean_420_Pump_Spares,420 Bean > Cross Head Assembly,1,$265.51,100%,$265.51
79098,John_Bean_420_Pump_Spares,420 Bean > Petcock,0,$9.54,100%,$0.00
79214,John_Bean_420_Pump_Spares,420 Bean > Crankshaft gear assembly,1,"$1,741.06",100%,"$1,741.06"
79215,John_Bean_420_Pump_Spares,420 Bean > Crankshaft bearing housing,2,$61.99,100%,$123.98
79218,John_Bean_420_Pump_Spares,420 Bean > Bearing cone,2,$18.79,100%,$37.58
79219,John_Bean_420_Pump_Spares,420 Bean > Bearing cup,2,$10.53,100%,$21.06
79316,John_Bean_420_Pump_Spares,420 Bean > Oil Seal,1,$2.82,100%,$2.82
79317,John_Bean_420_Pump_Spares,420 Bean > Seal Retaining nut,5,$37.06,100%,$185.30
79318,John_Bean_420_Pump_Spares,420 Bean > Plunger Rod Seal Washer,3,$5.09,100%,$15.27
79324,John_Bean_420_Pump_Spares,435 Bean > Seats,5,$27.63,100%,$138.15
79327,John_Bean_420_Pump_Spares,420 Bean > O-Ring Pack Holder,3,$1.41,100%,$4.23
79332,John_Bean_420_Pump_Spares,420 Bean > Seal Holder,3,$13.67,100%,$41.01
79335,John_Bean_420_Pump_Spares,420 Bean > Cyl. Packing Seal Holder,3,$12.80,100%,$38.40
79603,John_Bean_420_Pump_Spares,420 Bean > Fiber cylinder gaskets (Gr),0,$11.80,100%,$0.00
79606,John_Bean_420_Pump_Spares,435 Bean > Packing (cups),6,$49.44,100%,$296.64
79614,John_Bean_420_Pump_Spares,420 Bean > Valve Seat,12,$42.92,100%,$515.04
79788,John_Bean_420_Pump_Spares,435 Bean > Value cover gasket,15,$6.12,100%,$91.80
79789,John_Bean_420_Pump_Spares,435 Bean > Cylinder cover (used),0,$3.92,0%,$0.00
605011,John_Bean_420_Pump_Spares,420 Bean > Studs,0,,100%,$0.00
60SDS18,John_Bean_420_Pump_Spares,"420 Bean > Sprocket ""Pressure""",1,$28.35,100%,$28.35
60SDS20,John_Bean_420_Pump_Spares,"420 Bean > Sprocket ""Pressure""",1,$30.58,100%,$30.58
60SDS24,John_Bean_420_Pump_Spares,"420 Bean > Sprocket - 420 ""Supply""",1,$40.75,100%,$40.75
60SH16,John_Bean_420_Pump_Spares,"420 Bean > Sprocket - 420 ""Supply""",2,$26.95,100%,$53.90
RS60,John_Bean_420_Pump_Spares,420 Bean > Chain  ft,4,$7.02,100%,$28.08
SDS1,John_Bean_420_Pump_Spares,"420 Bean > Martin Hub ""Pressure""",1,$11.25,100%,$11.25
SDS118,John_Bean_420_Pump_Spares,"420 Bean > Martin Hub ""Pinion Shaft""",1,$11.25,100%,$11.25
-,John_Bean_420_Pump_Spares,420 Bean > Cylinder covers,0,$0.00,0%,$0.00
357900,Hatz_Pump_Spares,HATZ > Injector line,2,$32.50,100%,$65.00
1389701,Hatz_Pump_Spares,HATZ > Injector line,1,$32.50,100%,$32.50
3168400,Hatz_Pump_Spares,HATZ > Gaskets,7,$1.26,100%,$8.82
40036901,Hatz_Pump_Spares,HATZ > Injector pump,1,$320.05,100%,$320.05
40037500,Hatz_Pump_Spares,HATZ > Injector,2,$46.80,100%,$93.60
40043800,Hatz_Pump_Spares,HATZ > Fuel filter,6,$6.63,100%,$39.78
50484100,Hatz_Pump_Spares,HATZ > Air Filter,2,$12.50,100%,$25.00
1G-141-5300,Hatz_Pump_Spares,KUBOTA > Injector,1,$48.00,100%,$48.00
17447,Compact_Water_Swivel_Plus,CPTWS > Grease fitting,0,$1.83,100%,$0.00
19678,Compact_Water_Swivel_Plus,CPTWS > O-ring,6,$1.60,100%,$9.60
20169,Compact_Water_Swivel_Plus,CPTWS > O-ring,6,$1.54,100%,$9.24
20324,Compact_Water_Swivel_Plus,CPTWS > Ball bearing,5,$20.58,100%,$102.90
23861,Compact_Water_Swivel_Plus,CPTWS > Swival packing,3,$15.43,100%,$46.29
23863,Compact_Water_Swivel_Plus,CPTWS > Washer spring,6,$2.47,100%,$14.82
23866,Compact_Water_Swivel_Plus,CPTWS > Packing cage,1,$50.44,100%,$50.44
25612,Compact_Water_Swivel_Plus,CPTWS > Felt seal,5,$2.69,100%,$13.45
28190,Compact_Water_Swivel_Plus,CPTWS > O-ring,28,$1.67,100%,$46.76
3546529,Compact_Water_Swivel_Plus,CPTWS > Swivel cap,1,$157.12,100%,$157.12
3546530,Compact_Water_Swivel_Plus,CPTWS > Wear sleeve,3,$24.36,100%,$73.08
3546531,Compact_Water_Swivel_Plus,CPTWS > Swivel body upper,0,$96.26,100%,$0.00
3546907,Compact_Water_Swivel_Plus,CPTWS > Spindle,3,$96.26,100%,$288.78
3546908,Compact_Water_Swivel_Plus,"CPTWS > Bearing, thrust ball",1,$82.90,100%,$82.90
3546909,Compact_Water_Swivel_Plus,CPTWS > Lower swivel body,0,$129.00,100%,$0.00
3546952,Compact_Water_Swivel_Plus,CPTWS > Compact & W.S. Assem.,2,$0.00,0%,$0.00
21837,Compact_Water_Swivel_Plus,CPTWS > Valve ball ,1,$4.64,100%,$4.64
21839,Compact_Water_Swivel_Plus,CPTWS > Guide swing,3,$5.82,100%,$17.46
21841,Compact_Water_Swivel_Plus,CPTWS > Adjusting screw,1,$25.92,100%,$25.92
22177,Compact_Water_Swivel_Plus,CPTWS > Washer,2,$2.96,100%,$5.92
22179,Compact_Water_Swivel_Plus,CPTWS > Nut ?  5/8 brass,1,$3.56,100%,$3.56
24313,Compact_Water_Swivel_Plus,CPTWS > Comprssion spring,1,$16.10,100%,$16.10
3546492,Compact_Water_Swivel_Plus,CPTWS > Complete relief valve,2,$328.00,50%,$328.00
3546493,Compact_Water_Swivel_Plus,CPTWS > Body,0,$176.96,100%,$0.00
3546494,Compact_Water_Swivel_Plus,CPTWS > Avid spring,0,$37.92,100%,$0.00
3546495,Compact_Water_Swivel_Plus,"CPTWS > Holden, B-U",3,$27.52,100%,$82.56
3546496,Compact_Water_Swivel_Plus,CPTWS > Seat,1,$52.36,100%,$52.36
3546955,Compact_Water_Swivel_Plus,CPTWS > Spare parts kit,0,$0.00,50%,$0.00
3545380,Compact_Water_Swivel_Plus,"CPTWS > Hoist Plug, Standard",0,$0.00,0%,$0.00
3545380U,Compact_Water_Swivel_Plus,"CPTWS > Hoist Plug, Standard, Used",0,$0.00,0%,$0.00
3542898,Compact_Water_Swivel_Plus,"CPTWS > Hoist Plug, Heavy Duty",0,$0.00,0%,$0.00
3542898U,Compact_Water_Swivel_Plus,"CPTWS > Hoist Plug, Heavy Duty Used",2,$0.00,0%,$0.00
104743,Subs_Adaptor,NRQHP  > NRQHP Box to NQ Rod Pin,0,$152.00,100%,$0.00
104743U,Subs_Adaptor,NRQHP  > NRQHP Box to NQ Rod Pin Used,2,$0.00,0%,$0.00
306452,Subs_Adaptor,NRQHP  > NRQHP Box to NW Casing Pin,0,$107.60,100%,$0.00
306452U,Subs_Adaptor,NRQHP  > NRQHP Box to NW Casing Pin Used,5,$0.00,0%,$0.00
3542825,Subs_Adaptor,NRQHP  > NRQHP Box to NW Rod Pin ,3,$151.52,100%,$454.56
3542825U,Subs_Adaptor,NRQHP  > NRQHP Box to NW Rod Pin Used,0,$0.00,0%,$0.00
3542884,Subs_Adaptor,NW > NW R/P to NRQ HP R/P Bull Nose,0,$0.00,100%,$0.00
3542884U,Subs_Adaptor,NW > NW R/P to NRQ HP R/P Bull Nose,1,$0.00,0%,$0.00
25615,Subs_Adaptor,BQ > BQ Pin to AW Pin,0,$220.00,100%,$0.00
25615U,Subs_Adaptor,BQ > BQ Pin to AW Pin Used,1,$0.00,0%,$0.00
3542934,Subs_Adaptor,BQ > BQ Pin to NW Rod Pin,0,$130.44,100%,$0.00
3542934U,Subs_Adaptor,BQ > BQ Pin to NW Rod Pin Used,0,$0.00,0%,$0.00
3540879,Subs_Adaptor,NRQHP  > NRQHP Pin to AW Rod Pin,0,$220.64,100%,$0.00
3540879U,Subs_Adaptor,NRQHP  > NRQHP Pin to AW Rod Pin Used,0,$0.00,0%,$0.00
3541881,Subs_Adaptor,NRQHP  > NRQHP Box to BW Rod Pin,0,$126.16,100%,$0.00
3541881U,Subs_Adaptor,NRQHP  > NRQHP Box to BW Rod Pin Used,0,$0.00,0%,$0.00
3542885,Subs_Adaptor,HRQHP > HRQHP Rod Pin  to HW Rod Pin,0,$238.00,100%,$0.00
3542885U,Subs_Adaptor,HRQHP > HRQHP Rod Pin to HW Rod Pin Used,0,$0.00,0%,$0.00
3541874,Subs_Adaptor,HRQHP > HRQHP Rod Pin to NW Rod Pin,0,$0.00,0%,$0.00
3541874U,Subs_Adaptor,HRQHP > HRQHP Rod Pin to NW Rod Pin U,0,$0.00,0%,$0.00
306255,Subs_Adaptor,HRQHP > HRQHP Rod Box to HWT casing pin,0,$0.00,0%,$0.00
306255U,Subs_Adaptor,HRQHP > HRQHP Rod Box to HWT cas.pin U,0,$0.00,0%,$0.00
3541879,Subs_Adaptor,HRQHP > HRQHP Rod Box to HW casing pin,0,$0.00,0%,$0.00
3541879U,Subs_Adaptor,HRQHP > HRQHP Rod Box to HW cas.pin U.,0,$0.00,0%,$0.00
306251,Subs_Adaptor,HRQHP > HRQHP rod pin to BW rod pin,0,$0.00,0%,$0.00
306251U,Subs_Adaptor,HRQHP > HRQHP rod pin to BW rod pin Used,0,$0.00,0%,$0.00
306034,Subs_Adaptor,NQ > NQ Rod Tap,0,$263.36,100%,$0.00
306034U,Subs_Adaptor,NQ > NQ Rod Tap Used,2,$0.00,0%,$0.00
306066,Subs_Adaptor,NW > NW Casing Tap,2,$366.80,100%,$733.60
306066U,Subs_Adaptor,NW > NW Casing Tap Used,0,$0.00,0%,$0.00
306079,Subs_Adaptor,HQ > HQ Rod Tap,0,$0.00,0%,$0.00
306079U,Subs_Adaptor,HQ > HQ Rod Tap Used,1,$0.00,0%,$0.00
3542968,Subs_Adaptor,HW > HW Casing Tap,0,$0.00,0%,$0.00
3542968U,Subs_Adaptor,HW > HW Casing Tap Used,1,$0.00,0%,$0.00
52777U,Subs_Adaptor,NW > NW Casing Cutter Used,2,$0.00,0%,$0.00
14532,Subs_Adaptor,NW > NW Casing Cutter lugs,10,$0.00,0%,$0.00
14588,Subs_Adaptor,NW > NW Casing Cutter pins,7,$0.00,0%,$0.00
36216,Subs_Adaptor,HW > HW Casing Cutter pins,18,$0.00,0%,$0.00
62830,Subs_Adaptor,HW > HW Casing Cutter lugs,7,$0.00,0%,$0.00
60879U,Subs_Adaptor,HW > HW Casing Cutter Used,1,$0.00,0%,$0.00
729432,Misc_Diamond_Drill,MISCDIA > Rod Grease (Coat),31,$81.00,50%,"$1,255.50"
25237132,Misc_Diamond_Drill,MISCDIA > Casing advancer OS Assembly,1,$588.34,50%,$294.17
25356080,Misc_Diamond_Drill,MISCDIA > Quad latch finger,1,$40.79,50%,$20.40
-,Misc_Diamond_Drill,"MISCDIA > Waterline hose, 1""X200PSI,100' rolls/couplings",100,$120.00,50%,"$6,000.00"
-,Misc_Diamond_Drill,"MISCDIA > Waterline hose, 1""X300PSI,100' (Yellow)",9,$120.00,50%,$540.00
-,Misc_Diamond_Drill,"MISCDIA > Water tanks, Rubber Maid",7,$150.00,0%,$0.00
-,Misc_Diamond_Drill,"MISCDIA > Hole Plugs, 3"" - 4 1/4""",50,$2.44,100%,$122.00
-,Misc_Diamond_Drill,"MISCDIA > Hole Plugs, 6"" - 9""",150,$3.50,100%,$525.00
-,Misc_Diamond_Drill,MISCDIA > NQ Core Boxes,260,$6.50,100%,"$1,690.00"
-,Misc_Diamond_Drill,MISCDIA > HQ Core Boxes,160,$7.00,100%,"$1,120.00"
-,Misc_Diamond_Drill,MISCDIA > Form - A - Core,7,$236.00,50%,$826.00
-,Misc_Diamond_Drill,MISCDIA > X-Pand (lost circulation),12,$220.00,50%,"$1,320.00"
-,Misc_Diamond_Drill,MISCDIA > Poly Plus,64,$88.00,100%,"$5,632.00"
-,Misc_Diamond_Drill,MISCDIA > Max - Gel  Bentonite,17,$7.15,100%,$121.55
-,Misc_Diamond_Drill,MISCDIA > DD 2000 (powder),2,$150.00,100%,$300.00
-,Misc_Diamond_Drill,MISCDIA > Sand Drill,4,$86.00,100%,$344.00
-,Misc_Diamond_Drill,MISCDIA > Tube Lube,1,$99.41,100%,$99.41
-,Misc_Diamond_Drill,MISCDIA > Rod Ease (Torque Reducer),32,$0.00,0%,$0.00
-,Rotary_Drill_Pipe_and_Bits,ROTDPB > Mayhew Reg. 15' (New),0,$335.00,100%,$0.00
-,Rotary_Drill_Pipe_and_Bits,ROTDPB > Mayhew Reg. 15' (Rebuilt),26,$185.00,100%,"$4,810.00"
-,Rotary_Drill_Pipe_and_Bits,ROTDPB > Mayhew Reg. 15' (Used),24,$297.50,0%,$0.00
-,Rotary_Drill_Pipe_and_Bits,ROTDPB > Mayhew Reg. 15' (For Rebuild),0,$0.00,0%,$0.00
-,Rotary_Drill_Pipe_and_Bits,ROTDPB > Mayhew Reg. Pin (end only),4,$97.00,100%,$388.00
-,Rotary_Drill_Pipe_and_Bits,ROTDPB > Mayhew Reg. Box (end only),5,$97.00,100%,$485.00
-,Rotary_Drill_Pipe_and_Bits,"ROTDPB > Fishtail Bits M.R., 5 1/2""",0,$90.00,100%,$0.00
-,Rotary_Drill_Pipe_and_Bits,"ROTDPB > Fishtail Bits M.R., 6""",0,$125.00,100%,$0.00
-,Rotary_Drill_Pipe_and_Bits,ROTDPB > Tricone Bits 3 7/8'',4,$299.00,100%,"$1,196.00"
-,Rotary_Drill_Pipe_and_Bits,ROTDPB > Tricone Bits 215/16'' used,2,$299.00,0%,$0.00
-,Rotary_Drill_Pipe_and_Bits,ROTDPB > Tricone Bits 4'',0,$162.50,0%,$0.00
152992,Gardner_Denver_and_Failing ,GDFLNG > Ratchel (G.D. 500),8,$29.69,100%,$237.52
154253,Gardner_Denver_and_Failing ,GDFLNG > Pawl (G.D. 500),6,$25.40,100%,$152.40
1011-11,Gardner_Denver_and_Failing ,GDFLNG > Cone ring,5,$88.00,100%,$440.00
1011-12,Gardner_Denver_and_Failing ,GDFLNG > Cone coller,2,$78.00,100%,$156.00
1011-20,Gardner_Denver_and_Failing ,"GDFLNG > Spring, clutch",18,$1.70,100%,$30.60
1011-4,Gardner_Denver_and_Failing ,GDFLNG > Roller pin,2,$1.46,100%,$2.92
1011-44,Gardner_Denver_and_Failing ,GDFLNG > T.O. yoke,3,$49.90,100%,$149.70
1011-6B,Gardner_Denver_and_Failing ,GDFLNG > Roller kit,0,$25.48,100%,$0.00
1011-76,Gardner_Denver_and_Failing ,"GDFLNG > Yoke, adjusting  (used)",5,$167.50,0%,$0.00
1011-77,Gardner_Denver_and_Failing ,"GDFLNG > Yoke, adjusting  (new)",3,$167.50,100%,$502.50
1011-8,Gardner_Denver_and_Failing ,GDFLNG > Lock pin,3,$9.50,100%,$28.50
1011-9,Gardner_Denver_and_Failing ,GDFLNG > Lock pin spring,3,$1.70,100%,$5.10
102-766,Gardner_Denver_and_Failing ,GDFLNG > Bushing,6,$22.20,100%,$133.20
5011-82,Gardner_Denver_and_Failing ,GDFLNG > Cone assembly,0,$244.30,100%,$0.00
504-165,Gardner_Denver_and_Failing ,GDFLNG > Cone assembly,0,$288.90,100%,$0.00
604-103,Gardner_Denver_and_Failing ,GDFLNG > Drive plate (Draw works),6,$40.00,100%,$240.00
604-106B,Gardner_Denver_and_Failing ,"GDFLNG > Spring, clutch",38,$1.70,100%,$64.60
-,Gardner_Denver_and_Failing ,GDFLNG > Chain #60 Triple,3,$179.93,100%,$539.79
-,Gardner_Denver_and_Failing ,GDFLNG > Chain #60 Double,1,$102.00,100%,$102.00
-,Gardner_Denver_and_Failing ,GDFLNG > Chain #60 (10' per roll),0,$37.04,100%,$0.00
-,Gardner_Denver_and_Failing ,GDFLNG > Chain #80 (10' per roll),0,$67.28,100%,$0.00
-,Gardner_Denver_and_Failing ,GDFLNG > Chain #100 (10' per roll),2,$115.00,100%,$230.00
-,Gardner_Denver_and_Failing ,GDFLNG > Chain #120 (10' per roll),5,$165.00,100%,$825.00
-,Gardner_Denver_and_Failing ,"GDFLNG > Seals and Bearings, Various",224,$20.00,100%,"$4,480.00"
-,Gardner_Denver_and_Failing ,"GDFLNG > U-Joints, Various",31,$16.00,100%,$496.00
-,Gardner_Denver_and_Failing ,GDFLNG > Clutch & pressure plate,3,$180.00,100%,$540.00
-,Gardner_Denver_and_Failing ,GDFLNG > Fast Plug MHR,1,$393.00,100%,$393.00
-,Gardner_Denver_and_Failing ,GDFLNG > Guide Roller GD 500,2,$136.00,100%,$272.00
-,Gardner_Denver_and_Failing ,"GDFLNG > 2"" Goose neck GD 500",1,$277.05,100%,$277.05
-,Gardner_Denver_and_Failing ,GDFLNG > Washpipe GD 500,1,$313.72,100%,$313.72
-,Gardner_Denver_and_Failing ,GDFLNG > Locknut GD 500,1,$67.70,100%,$67.70
-,Gardner_Denver_and_Failing ,GDFLNG > MR pipe slips,0,$582.00,100%,$0.00
-,Gardner_Denver_and_Failing ,GDFLNG > Gooseneck GD 1000,2,$269.32,100%,$538.64
-,Gardner_Denver_and_Failing ,GDFLNG > Washpipe GD 1000,1,$177.79,100%,$177.79
-,Gardner_Denver_and_Failing ,GDFLNG > Locknut GD 1000,2,$68.92,100%,$137.84
101319,Gardner_Denver_5x6,GD5x6 > Shaft nut,0,$48.60,100%,$0.00
1011-17,Gardner_Denver_5x6,GD5x6 > Drive plate,6,$30.80,100%,$184.80
140F839,Gardner_Denver_5x6,"GD5x6 > Valve rubbers, gravel",11,$11.60,100%,$127.60
200FGG039,Gardner_Denver_5x6,"GD5x6 > Valve seats, gravel",8,$36.00,100%,$288.00
200FGG4828,Gardner_Denver_5x6,"GD5x6 > Valves, gravel",8,$78.00,100%,$624.00
25FXG183,Gardner_Denver_5x6,GD5x6 > Piston rods,2,$84.00,100%,$168.00
25G18,Gardner_Denver_5x6,GD5x6 > Valve cover gaskets,6,$6.00,100%,$36.00
25G24,Gardner_Denver_5x6,GD5x6 > Cyl. head gaskets,8,$11.00,100%,$88.00
78D72,Gardner_Denver_5x6,GD5x6 > Springs,25,$4.23,100%,$105.75
F1G-721,Gardner_Denver_5x6,GD5x6 > Skinner packing,2,$11.60,100%,$23.20
FG41,Gardner_Denver_5x6,GD5x6 > Pump head cover,2,$150.00,100%,$300.00
FG45650,Gardner_Denver_5x6,GD5x6 > Liners,4,$145.00,100%,$580.00
-,Gardner_Denver_5x6,GD5x6 > Liner rings,2,$50.40,100%,$100.80
-,Gardner_Denver_5x6,GD5x6 > Piston rubber kits,2,$55.00,100%,$110.00
-,Gardner_Denver_5x6,GD5x6 > Set screw kit,0,$12.75,100%,$0.00
-,Gardner_Denver_5x6,GD5x6 > Swivel packing,26,$7.50,100%,$195.00
-,Gardner_Denver_5x6,GD5x6 > Packing gland nuts,2,$37.00,100%,$74.00
-,Gardner_Denver_5x6,GD5x6 > Small brass washer,4,$5.86,100%,$23.44
-,Gardner_Denver_5x6,GD5x6 > Large brass washer,4,$10.62,100%,$42.48
-,Gardner_Denver_5x6,GD5x6 > Valve bolt & nut,6,$17.30,100%,$103.80
-,AM_General_TwoHalf_Ton,AMGEN > Signal system buzzer,3,$10.00,100%,$30.00
-,AM_General_TwoHalf_Ton,AMGEN > Brake wheel cylinder,8,$21.50,100%,$172.00
-,AM_General_TwoHalf_Ton,AMGEN > Dimmer switch,2,$15.50,100%,$31.00
-,AM_General_TwoHalf_Ton,AMGEN > Emergency brake lever,1,$46.50,100%,$46.50
-,AM_General_TwoHalf_Ton,AMGEN > Tail light assembly,2,$45.00,100%,$90.00
-,AM_General_TwoHalf_Ton,AMGEN > Signal light assembly,2,$45.00,100%,$90.00
-,AM_General_TwoHalf_Ton,AMGEN > Rubber frame bumper,5,$23.95,100%,$119.75
-,AM_General_TwoHalf_Ton,AMGEN > Hood latch,4,$10.75,100%,$43.00
-,AM_General_TwoHalf_Ton,AMGEN > Blinker switch,2,$39.50,100%,$79.00
-,AM_General_TwoHalf_Ton,AMGEN > Brake drums,4,$95.00,100%,$380.00
-,AM_General_TwoHalf_Ton,AMGEN > Brake shoes,4,$25.50,100%,$102.00
-,AM_General_TwoHalf_Ton,AMGEN > Emergency brake shoes,2,$125.00,100%,$250.00
-,AM_General_TwoHalf_Ton,AMGEN > Radial arm bushing,4,$38.50,100%,$154.00
-,AM_General_TwoHalf_Ton,AMGEN > Windshield wiper motor,4,$58.50,100%,$234.00
-,AM_General_TwoHalf_Ton,AMGEN > Seat belt,3,$15.00,100%,$45.00
-,AM_General_TwoHalf_Ton,AMGEN > Alternator (rebuilt),1,$125.00,100%,$125.00
-,AM_General_TwoHalf_Ton,AMGEN > Air brake assembly,1,$325.00,100%,$325.00
-,AM_General_TwoHalf_Ton,AMGEN > Hydraulic brake buster,3,$85.00,100%,$255.00
-,AM_General_TwoHalf_Ton,"AMGEN > O-Ring, tire",5,$16.50,100%,$82.50
-,AM_General_TwoHalf_Ton,"AMGEN > O-Ring, tire",5,$12.95,100%,$64.75
-,AM_General_TwoHalf_Ton,AMGEN > Starter,2,$295.00,100%,$590.00
-,AM_General_TwoHalf_Ton,AMGEN > CV boots,3,$22.00,100%,$66.00
-,AM_General_TwoHalf_Ton,"AMGEN > Hub seal, inner",16,$10.80,100%,$172.80
-,AM_General_TwoHalf_Ton,AMGEN > Retaining seal,10,$6.50,100%,$65.00
-,AM_General_TwoHalf_Ton,AMGEN > Schock absorber,2,$58.00,100%,$116.00
-,AM_General_TwoHalf_Ton,AMGEN > Air spring declutch cylinder,1,$125.00,100%,$125.00
-,AM_General_TwoHalf_Ton,AMGEN > Emergency brake cable,3,$56.75,100%,$170.25
-,AM_General_TwoHalf_Ton,AMGEN > Left door glass,4,$89.00,100%,$356.00
-,AM_General_TwoHalf_Ton,AMGEN > Right door glass,3,$89.00,100%,$267.00
-,AM_General_TwoHalf_Ton,AMGEN > Windshield,2,$50.00,100%,$100.00
-,AM_General_TwoHalf_Ton,AMGEN > Sprag,1,$400.00,100%,$400.00
-,AM_General_TwoHalf_Ton,"AMGEN > Tires, 900 X 20",15,$100.00,100%,"$1,500.00"
-,AM_General_TwoHalf_Ton,"AMGEN > Engine, spare",0,"$1,200.00",100%,$0.00
-,AM_General_TwoHalf_Ton,AMGEN > Horn Button kit,0,$84.00,100%,$0.00
-,AM_General_TwoHalf_Ton,AMGEN > Wiper Arm,3,$10.00,100%,$30.00
-,AM_General_TwoHalf_Ton,AMGEN > Wiper Blades,13,$21.50,100%,$279.50
-,AM_General_TwoHalf_Ton,AMGEN > Axel Gasket,9,$15.50,100%,$139.50
-,AM_General_TwoHalf_Ton,AMGEN > Wheel Bearing,10,$46.50,100%,$465.00
-,AM_General_TwoHalf_Ton,AMGEN > Wheel Bearing Seal,1,$45.00,100%,$45.00
-,AM_General_TwoHalf_Ton,AMGEN > Oil Sending Unit,2,$45.00,100%,$90.00
-,AM_General_TwoHalf_Ton,AMGEN > Flasher,2,$23.95,100%,$47.90
-,AM_General_TwoHalf_Ton,AMGEN > Brake Light Switch,2,$10.75,100%,$21.50
-,AM_General_TwoHalf_Ton,AMGEN > Master Switch,5,$39.50,100%,$197.50
-,AM_General_TwoHalf_Ton,AMGEN > Brake Line,10,$25.00,100%,$250.00
-,AM_General_TwoHalf_Ton,AMGEN > Door Handle,5,$25.50,100%,$127.50
-,AM_General_TwoHalf_Ton,AMGEN > Fuel Pump,1,$125.00,100%,$125.00
-,AM_General_TwoHalf_Ton,AMGEN > Left Door Latch,2,$38.50,100%,$77.00
-,AM_General_TwoHalf_Ton,AMGEN > Right Door Latch,4,$58.50,100%,$234.00
-,AM_General_TwoHalf_Ton,AMGEN > Head Lights,4,$15.00,100%,$60.00
-,AM_General_TwoHalf_Ton,AMGEN > Long Ex Pipe,0,$95.00,100%,$0.00
-,AM_General_TwoHalf_Ton,AMGEN > Short Ex Pipe,1,$225.00,100%,$225.00
-,AM_General_TwoHalf_Ton,AMGEN > Wiper Controlls ,4,$85.00,100%,$340.00
-,AM_General_TwoHalf_Ton,AMGEN > Brake shoe M900,1,$135.00,100%,$135.00
-,AM_General_TwoHalf_Ton,AMGEN > Wheel vlave M900,2,$22.95,100%,$45.90
-,AM_General_TwoHalf_Ton,AMGEN > 14.00 R20 spair tire & rim M900,4,$250.00,100%,"$1,000.00"
-,AM_General_TwoHalf_Ton,AMGEN > 14.00 R20 like new tire only,0,$300.00,100%,$0.00
-,AM_General_TwoHalf_Ton,AMGEN > Push start button,1,$25.50,100%,$25.50
-,AM_General_TwoHalf_Ton,AMGEN > Mirror kit,0,$194.00,100%,$0.00
-,AM_General_TwoHalf_Ton,AMGEN > Wiring harnis 2.5,0,$290.00,100%,$0.00
-,AM_General_TwoHalf_Ton,AMGEN > Yellow marker lights,4,$16.95,100%,$67.80
-,AM_General_TwoHalf_Ton,AMGEN > Red marker lights,1,$16.95,100%,$16.95
-,AM_General_TwoHalf_Ton,AMGEN > sylanoid switch,3,$142.85,100%,$428.55
-,AM_General_TwoHalf_Ton,AMGEN > control box M 900,3,$248.00,100%,$744.00
-,AM_General_TwoHalf_Ton,AMGEN > Radius arm bushing M 900,12,$53.00,100%,$636.00
-,AM_General_TwoHalf_Ton,AMGEN > Ignitiong switch M 900,0,$46.90,100%,$0.00
-,AM_General_TwoHalf_Ton,AMGEN > Axle nuts,5,$20.00,100%,$100.00
-,AM_General_TwoHalf_Ton,AMGEN > Brake springs,0,$9.50,100%,$0.00
-,AM_General_TwoHalf_Ton,AMGEN > Injector lines 2.5,8,$45.00,100%,$360.00
-,AM_General_TwoHalf_Ton,AMGEN > Injectors 2.5,1,$400.00,100%,$400.00
-,AM_General_TwoHalf_Ton,AMGEN > Injector pump ,1,"$1,500.00",100%,"$1,500.00"
-,AM_General_TwoHalf_Ton,AMGEN > 2.5 Radiator used,3,$750.00,50%,"$1,125.00"
-,AM_General_TwoHalf_Ton,AMGEN > 2.5 Radiantor new,0,$750.00,100%,$0.00
-,AM_General_TwoHalf_Ton,AMGEN > Axel gasket,18,$17.50,100%,$315.00
-,AM_General_TwoHalf_Ton,AMGEN > Outer seal,3,$42.25,100%,$126.75
-,AM_General_TwoHalf_Ton,AMGEN > Inner seal,2,$27.95,100%,$55.90
-,AM_General_TwoHalf_Ton,AMGEN > Wheel bearing,2,$93.50,100%,$187.00
-,AM_General_TwoHalf_Ton,AMGEN > Brake Peddle valve,1,$140.00,100%,$140.00
-,AM_General_TwoHalf_Ton,AMGEN > Exaust stak,0,$75.00,100%,$0.00
-,AM_General_TwoHalf_Ton,AMGEN > Exaust stak (used),0,$250.00,100%,$0.00
-,AM_General_TwoHalf_Ton,AMGEN > 1400 wheel sturdy studs Lg.,23,$41.60,100%,$956.80
-,AM_General_TwoHalf_Ton,AMGEN > 1400 wheel sturdy studs sm.,8,$22.90,100%,$183.20
-,AM_General_TwoHalf_Ton,AMGEN > Reflectors,15,$4.95,100%,$74.25
-,AM_General_TwoHalf_Ton,AMGEN > Axel studs,0,$2.95,100%,$0.00
-,AM_General_TwoHalf_Ton,AMGEN > Fuel pumps,1,$350.00,100%,$350.00
-,AM_General_TwoHalf_Ton,AMGEN > Mirror LH,0,$35.00,100%,$0.00
-,AM_General_TwoHalf_Ton,AMGEN > Mirror RH,0,$35.00,100%,$0.00
-,AM_General_TwoHalf_Ton,AMGEN > Emergency brake dam,1,$12.50,100%,$12.50
24006,Engine_Filters,FILTER > fuel tank,3,$9.97,100%,$29.91
24071,Engine_Filters,FILTER > DR1,2,$13.33,100%,$26.66
33109,Engine_Filters,FILTER > fl93,4,$9.13,100%,$36.52
33118,Engine_Filters,FILTER > DT 4&5,0,$11.71,100%,$0.00
33243,Engine_Filters,FILTER > FORD 08 GAS,1,$14.34,100%,$14.34
33255,Engine_Filters,FILTER > ST 13 Fuel,2,$54.30,100%,$108.60
33336,Engine_Filters,FILTER > DT 1,1,$15.15,100%,$15.15
33352,Engine_Filters,FILTER > DRT 1 Fuel,3,$8.51,100%,$25.53
33357,Engine_Filters,FILTER > DT4&5,1,$12.17,100%,$12.17
33358,Engine_Filters,FILTER > DT4&5,2,$9.83,100%,$19.66
33369,Engine_Filters,FILTER > -,0,$24.38,100%,$0.00
33401,Engine_Filters,FILTER > 5 TON 6X6,2,$44.64,100%,$89.28
33403,Engine_Filters,FILTER > DRT 1 Fuel,4,$13.27,100%,$53.08
33418,Engine_Filters,FILTER > DR6 Fuel,4,$13.09,100%,$52.36
33472,Engine_Filters,FILTER > LY 38,8,$15.64,100%,$125.12
33512,Engine_Filters,FILTER > 2.5 TON 6X6,19,$8.65,100%,$164.35
33528,Engine_Filters,FILTER > DR 3,0,$14.57,100%,$0.00
33531,Engine_Filters,FILTER > JD 450,3,$25.39,100%,$76.17
42254,Engine_Filters,FILTER > -,3,$40.58,100%,$121.74
42471,Engine_Filters,FILTER > JD 450&650,2,$55.59,100%,$111.18
42714,Engine_Filters,FILTER > DT 1,2,$6.38,100%,$12.76
42927,Engine_Filters,FILTER > -,1,$78.80,100%,$78.80
42928,Engine_Filters,FILTER > -,0,$38.32,100%,$0.00
42947,Engine_Filters,FILTER > JD 450&650,2,$32.94,100%,$65.88
46883,Engine_Filters,FILTER > ST-14,2,$85.84,100%,$171.68
49883,Engine_Filters,FILTER > FORD 08 GAS,0,$20.95,100%,$0.00
51085,Engine_Filters,FILTER > DODGE ST,2,$6.87,100%,$13.74
51133,Engine_Filters,FILTER > 2.5 TON 6X6,6,$9.74,100%,$58.44
51203,Engine_Filters,FILTER > 650 JD Wench,2,$16.31,100%,$32.62
51243,Engine_Filters,FILTER > 650 JD,1,$7.21,100%,$7.21
51261,Engine_Filters,FILTER > FORD 08 GAS,0,$8.20,100%,$0.00
51268,Engine_Filters,FILTER > DT 3,8,$6.65,100%,$53.20
51372,Engine_Filters,FILTER > JD 450&650,2,$7.02,100%,$14.04
51418,Engine_Filters,FILTER > DR1 Power stearing,4,$9.30,100%,$37.20
51487,Engine_Filters,FILTER > FL93 Power Stearing,2,$9.93,100%,$19.86
51566,Engine_Filters,FILTER > DT3,2,$75.12,100%,$150.24
51724,Engine_Filters,FILTER > LY 38,2,$30.96,100%,$61.92
51748,Engine_Filters,FILTER > ST-15 Oil,2,$49.68,100%,$99.36
51750,Engine_Filters,FILTER > DT3,3,$14.25,100%,$42.75
51758,Engine_Filters,FILTER > LY 38,1,$16.56,100%,$16.56
51759,Engine_Filters,FILTER > LY 38 HYD,3,$18.83,100%,$56.49
51777,Engine_Filters,FILTER > -,1,$24.19,100%,$24.19
51789,Engine_Filters,FILTER > DT 1,4,$10.93,100%,$43.72
51797,Engine_Filters,FILTER > DT 1,7,$11.27,100%,$78.89
51954,Engine_Filters,FILTER > DT 6&7,1,$11.98,100%,$11.98
57060,Engine_Filters,FILTER > ST-15 Oil,4,$5.75,100%,$23.00
57243,Engine_Filters,FILTER > St-14,3,$16.40,100%,$49.20
57314,Engine_Filters,FILTER > 08 FORD GAS,2,$26.40,100%,$52.80
57899,Engine_Filters,FILTER > ST14 Oil,5,$4.93,100%,$24.65
7737491,Engine_Filters,FILTER > AIR 5 TON,2,$59.50,100%,$119.00
8729068,Engine_Filters,FILTER > SHORT FUEL,1,$95.00,100%,$95.00
10912373,Engine_Filters,FILTER > AIR 2.5 TON,0,$46.50,100%,$0.00
11604545,Engine_Filters,FILTER > AIR M 900,2,$62.00,100%,$124.00
57027757,Engine_Filters,FILTER > LONG FUEL,6,$45.00,100%,$270.00
496-5,Engine_Filters,FILTER > fuel tank,2,$10.95,100%,$21.90
Mo-285,Engine_Filters,FILTER > ST13 Oil,7,$14.99,100%,$104.93
RE60021,Engine_Filters,FILTER > JD 450,2,$33.95,100%,$67.90
RE62418,Engine_Filters,FILTER > JD 450,2,$33.95,100%,$67.90
-,General_Supplies,"GEN > Assortment, pipe fillings",1,$300.00,100%,$300.00
-,General_Supplies,"GEN > Assortment, bolts, nuts, washers",1,$300.00,100%,$300.00
-,General_Supplies,GEN > Welding rod and supplies,1,$200.00,100%,$200.00
-,General_Supplies,"GEN > Steel, fabricating",1,$200.00,100%,$200.00
306,Lubricants,LUBE > 15W40 motor oil (gal),42,$24.76,100%,"$1,039.92"
306,Lubricants,LUBE > 15W40 motor oil (quart),0,$3.69,100%,$0.00
201,Lubricants,LUBE > 80W90 gear oil (gal),24,$44.50,100%,"$1,068.00"
-,Lubricants,LUBE > Tractor hyd. (gal),15,$5.00,100%,$75.00
-,Lubricants,LUBE > 15W40 (gal),4,$3.95,100%,$15.80
-,Lubricants,LUBE > 80W90 gear oil (gal),0,$8.32,100%,$0.00
-,Lubricants,LUBE > Antifreeze (gal),3,$6.50,100%,$19.50
-,Lubricants,LUBE > Chain bar oil,0,$5.79,100%,$0.00
-,Lubricants,LUBE > Tube grease,7,$4.53,100%,$31.71
