26365, 1234, Casing and Rods, NW Casing > Casing - 10 New, 5, 101.36, new
26366, 1234, Casing and Rods, NW Casing > Casing - 5 New, 0, 64.44, new
26368, 1234, Casing and Rods, NW Casing > Casing - 2 New, 0, 39.36, new
26365, 1234, Casing and Rods, NW Casing used > Casing - 10 Used, 28, 101.36, used
26366, 1234, Casing and Rods, NW Casing used > Casing - 5 Used, 2, 64.44, used
26368, 1234, Casing and Rods, NW Casing used > Casing - 2 Used, 4, 39.36, used
3541556, 1234, Casing and Rods, NRQHP > Drill Rod - 10 New, 0, 98.17, new
3541556, 1234, Casing and Rods, NRQHP > used Drill Rod - 10 Used, 119, 98.17, used
26371, 1234, Casing and Rods, HW Casing > Casing - 5 New, 47, 165.00, new
26371, 1234, Casing and Rods, HW Casing used > Casing - 5 Used, 0, 85.25, used
26373, 1234, Casing and Rods, HW Casing > Casing - 2 New, 0, 0.00, new
26373, 1234, Casing and Rods, HW Casing used > Casing - 2 Used, 0, 47.00, used
306243, 1234, Casing and Rods, HRQHP > used Drill Rod - 3M Used, 52, 90.67, used
3541558, 1234, Casing and Rods, HRQHP > used Drill Rod - 10 Used, 44, 98.17, used
3541558, 1234, Casing and Rods, HRQHP > Drill Rod - 10 New, 0, 223.44, new
0, 1234, Casing and Rods, NRQ > Drill Rod 10 New, 9, 98.17, new
00000, 1234, Casing and Rods, NRQ > Drill Rod  10 Used, 105, 98.17, used
15141, 1234, NQ Wireline, NQ > Compression spring, 8, 2.08, new
15965, 1234, NQ Wireline, NQ > Locking Sleeve Dry hole release, 3, 60.48, new
17447, 1234, NQ Wireline, NQ > Hyd grease fitting, 0, 1.83, new
18298, 1234, NQ Wireline, NQ > Hanger bearing, 11, 14.71, new
22918, 1234, NQ Wireline, NQ > Stover lock nut, 9, 2.08, new
24305, 1234, NQ Wireline, NQ > Spring pin 1/2 X 2, 21, 1.60, new
24312, 1234, NQ Wireline, NQ > Thrust bearing, 6, 15.49, new
24313, 1234, NQ Wireline, NQ > Compression spring, 12, 12.88, new
24548, 1234, NQ Wireline, NQ > Spring pin 1/2 X 1-1/2, 42, 2.28, new
24885, 1234, NQ Wireline, NQ > Hex nut, 8, 3.40, new
24886, 1234, NQ Wireline, NQ > Spindle, 1, 44.75, new
24887, 1234, NQ Wireline, NQ > Shut off valve Black (soft), 36, 5.08, new
24888, 1234, NQ Wireline, NQ > Valve adjusting washer, 11, 1.63, new
24889, 1234, NQ Wireline, NQ > Spindle bearing, 8, 21.26, new
24891, 1234, NQ Wireline, NQ > Inner tubes 10 Standard, 5, 48.11, new
24892, 1234, NQ Wireline, NQ > Core Lifter Case, 24, 13.44, new
24893, 1234, NQ Wireline, NQ > Stop Ring, 36, 4.37, new
24896, 1234, NQ Wireline, NQ > Adapter Coupling, 1, 36.18, new
24897, 1234, NQ Wireline, NQ > Landing Ring, 14, 9.69, new
24898, 1234, NQ Wireline, NQ > Outer tubes 10 Standard New, 4, 152.86, new
24900, 1234, NQ Wireline, NQ > Thread protector, 1, 27.92, new
25319, 1234, NQ Wireline, NQ > NQ Tube wrenches, 4, 90.60, new
25985, 1234, NQ Wireline, NQ > Castle nut, 2, 2.56, new
25986, 1234, NQ Wireline, NQ > Thrust bearing, 5, 7.90, new
25990, 1234, NQ Wireline, NQ > Cable swivel collar, 3, 10.31, new
25991, 1234, NQ Wireline, NQ > Eye bolt, 2, 26.66, new
26134, 1234, NQ Wireline, NQ/HQ > O-Ring Pump out System, 2, 0.58, new
30457, 1234, NQ Wireline, NQ/HQ > Cable Swivel Assembly, 2, 206.76, new
30488, 1234, NQ Wireline, NQ > Core Lifter, 66, 7.98, new
37382, 1234, NQ Wireline, NQ > Check valve body, 3, 24.31, new
37394, 1234, NQ Wireline, NQ > Spring pin 1/4 x 1 3/4, 13, 1.38, new
40664, 1234, NQ Wireline, NQ > Inner tube cap assembly, 5, 74.93, new
42905, 1234, NQ Wireline, NQ > Pin 7/16 X 1 Spiral, 10, 2.95, new
42906, 1234, NQ Wireline, NQ > Plain Pin 1/2x115/16latch pin, 12, 3.20, new
42913, 1234, NQ Wireline, NQ > Spearhead point, 9, 20.20, new
42914, 1234, NQ Wireline, NQ > Detent plunger, 6, 7.04, new
44209, 1234, NQ Wireline, NQ >  Shut Off Valve YELLOW hard, 19, 6.08, new
44407, 1234, NQ Wireline, NQ > Stabilizer, 4, 16.64, new
44442, 1234, NQ Wireline, NQ > Set screw, 2, 0.80, new
44444, 1234, NQ Wireline, NQ > Cable swivel body, 2, 6.46, new
44615, 1234, NQ Wireline, NQ >  Cotter Pin for E2Y lock O.S., 3, 0.00, new
44733, 1234, NQ Wireline, NQ > Latch spring, 11, 1.63, new
62374, 1234, NQ Wireline, NQ > BRG 22mm sst Ball, 28, 3.23, new
62380, 1234, NQ Wireline, NQ > Bushing-Landing Indicator, 20, 4.12, new
102231, 1234, NQ Wireline, NQ > Hex nut, 3, 6.08, new
104816, 1234, NQ Wireline, NQ > Latch, 22, 8.04, new
306002, 1234, NQ Wireline, NQ > Corebarrel Assembly 10ft, 0, 876.46, new
306008, 1234, NQ Wireline, NQ > Lower latch body, 2, 61.16, new
306009, 1234, NQ Wireline, NQ > Landing shoulder, 6, 10.36, new
306022, 1234, NQ Wireline, NQ > Washer, 16, 15.35, new
306454, 1234, NQ Wireline, NQ > Link, 25, 7.88, new
306455, 1234, NQ Wireline, NQ > Latch retracting case, 2, 38.36, new
354674, 1234, NQ Wireline, NQ > Ezy lock overshot (new style), 0, 601.20, new
3540329, 1234, NQ Wireline, NQ > Spearhead base, 7, 38.31, new
3540515, 1234, NQ Wireline, NQ/HQ > Jar Tube new, 2, 85.51, new
3540515, 1234, NQ Wireline, NQ/HQ > Jar Tube Used, 3, 85.51, used
3540516, 1234, NQ Wireline, NQ/HQ > Jar Staff, 3, 6.20, new
3540517, 1234, NQ Wireline, NQ > Overshot head, 2, 160.39, new
3540530, 1234, NQ Wireline, NQ/HQ > Lifting dog, 8, 27.98, new
3541778, 1234, NQ Wireline, NQ > Latch body upper section, 5, 124.21, new
3541827, 1234, NQ Wireline, NQ > NRQHP Locking Coupling Conven, 0, 0.00, new
3541932, 1234, NQ Wireline, NQ > Nyloc bolt 3/8 - 16 - unc + 3/4, 8, 3.34, new
3542027, 1234, NQ Wireline, NQ > Compression spring, 28, 6.20, new
3542751, 1234, NQ Wireline, NQ > Head assembly USED, 6, 534.82, new
3543772, 1234, NQ Wireline, NQ/HQ > EZY Lock O.S. Ball 11/32, 0, 0.24, new
3543812, 1234, NQ Wireline, NQ > Latch compression spring, 18, 2.13, new
3544103, 1234, NQ Wireline, NQ/HQ > EZY Lock O.S. Cap, 0, 26.17, new
3544105, 1234, NQ Wireline, NQ/HQ > EZY Lock Overshot Spring, 0, 0.00, new
3545403, 1234, NQ Wireline, NQ > Locking coupling with Tang, 0, 88.30, new
3546744, 1234, NQ Wireline, NQ > EZY Lock O.S. Assembly, 0, 631.96, new
3546746, 1234, NQ Wireline, NQ > EZY Lock O.S. Head, 0, 160.39, new
24891, 1234, NQ Wireline, NQ > used Inner tubes 10 Standard Used, 15, 149.00, used
24898, 1234, NQ Wireline, NQ > used Outer tubes 10 Standard Used, 3, 305.00, used
00000, 1234, NQ Wireline, NQ > Chuck jaws, 3, 175.00, new
15141, 1234, HQ Wireline, HQ > Comp.Springfor detant.SH, 0, 0.43, new
15965, 1234, HQ Wireline, HQ > Locking Sleeve, 0, 48.39, new
24305, 1234, HQ Wireline, HQ > Spring pin 1/2 x 2, 16, 1.19, new
24312, 1234, HQ Wireline, HQ > Hangar Bearing, 2, 19.30, new
24524, 1234, HQ Wireline, HQ > Spring pin 1/2 x 2 3/4, 4, 0.48, new
24528, 1234, HQ Wireline, HQ > Thrust Bearing, 0, 17.68, new
24529, 1234, HQ Wireline, HQ > Compression Spring, 3, 0.40, new
25231, 1234, HQ Wireline, HQ > Spindle, 1, 41.68, new
25232, 1234, HQ Wireline, HQ > Shut off Rubbers Black(Soft), 0, 5.19, new
25233, 1234, HQ Wireline, HQ > Vale Adjuster Washer, 17, 2.70, new
25234, 1234, HQ Wireline, HQ > Spindle bearing, 2, 43.28, new
25236, 1234, HQ Wireline, HQ > Inner Tubes 10ft New, 4, 139.00, new
25237, 1234, HQ Wireline, HQ > Core Lifter Case, 14, 16.53, new
25238, 1234, HQ Wireline, HQ > Stop Ring, 16, 8.23, new
25241, 1234, HQ Wireline, HQ > Adapter Coupling, 4, 38.28, new
25242, 1234, HQ Wireline, HQ > Landing Ring, 4, 20.28, new
25243, 1234, HQ Wireline, HQ > Outer Tubes 10ft New, 0, 0.00, new
25258, 1234, HQ Wireline, HQ > Inner Tube 5 New, 0, 0.00, new
25259, 1234, HQ Wireline, HQ > Outer Tube 5 New, 0, 0.00, new
25324, 1234, HQ Wireline, HQ > Spindle Busing, 3, 0.00, new
26513, 1234, HQ Wireline, HQ > HQ-3 Splits, 2, 184.39, new
26514, 1234, HQ Wireline, HQ > HQ-3 Core lifter Cases, 6, 24.98, new
26515, 1234, HQ Wireline, HQ > HQ-3 Stop Rings, 0, 6.16, new
26516, 1234, HQ Wireline, HQ > HQ-3Core lifters, 21, 29.38, new
28255, 1234, HQ Wireline, HQ > Inner Tube Wrenches, 0, 135.94, new
30489, 1234, HQ Wireline, HQ > Core Lifters, 30, 9.41, new
38464, 1234, HQ Wireline, HQ/NW > HQ JAWS, 5, 159.68, new
40401, 1234, HQ Wireline, HQ > Grease Cap, 0, 99.35, new
40678, 1234, HQ Wireline, HQ > Innter Tube Cap Assembly, 1, 0.00, new
42905, 1234, HQ Wireline, HQ > Sprial Pin /16 x 1, 0, 0.00, new
42906, 1234, HQ Wireline, HQ > Plain Pin 1/2 x 15/16, 0, 4.21, new
42913, 1234, HQ Wireline, HQ > Spear Head, 0, 20.20, new
43513, 1234, HQ Wireline, HQ > Shut Off Valve Yellow (hard), 7, 0.00, new
44408, 1234, HQ Wireline, HQ > Stabilizing Ring, 0, 21.32, new
44574, 1234, HQ Wireline, HQ > Hex adjustment nut, 0, 0.00, new
62374, 1234, HQ Wireline, HQ > Stainless steel ball 22mm, 0, 0.00, new
62380, 1234, HQ Wireline, HQ > Landing Indicator Bushing, 0, 0.00, new
63515, 1234, HQ Wireline, HQ > Corebarrel Assembly 10 used, 6, 1364.28, used
63515, 1234, HQ Wireline, HQ > Corebarrel Assembly 10 new, 0, 1364.28, new
103465, 1234, HQ Wireline, HQ > Store Lock nut, 2, 0.00, new
104818, 1234, HQ Wireline, HQ > Latch HQ, 6, 16.97, new
104953, 1234, HQ Wireline, HQ > Washer, 6, 5.08, new
104957, 1234, HQ Wireline, HQ > Lower latch body, 0, 0.00, new
104958, 1234, HQ Wireline, HQ > Landing Ring, 1, 26.09, new
105818, 1234, HQ Wireline, HQ > Washer, 2, 0.00, new
306216, 1234, HQ Wireline, HQ > Latch Link, 6, 7.26, new
3540516, 1234, HQ Wireline, HQ > Jar Staff, 2, 23.86, new
3540529, 1234, HQ Wireline, HQ > Lifting Dog, 3, 28.81, new
3541056, 1234, HQ Wireline, HQ > Upper Latch body, 0, 0.00, new
3540330, 1234, HQ Wireline, HQ > Spear Head Base, 0, 52.94, new
3541829, 1234, HQ Wireline, HQ > Locking Coupling, 1, 186.07, new
3541932, 1234, HQ Wireline, HQ > Nyloc Bolt 3/8 x 3/4, 0, 0.00, new
3542941, 1234, HQ Wireline, HQ > HQ Head Assembly New, 0, 792.46, new
3542941, 1234, HQ Wireline, HQ > HQ Head Assemby Used, 6, 0.00, used
3542947, 1234, HQ Wireline, HQ > Core Barrel Assembly 10New, 0, 0.00, new
3543619, 1234, HQ Wireline, HQ > Springs latch cmpression, 3, 0.00, new
3545407, 1234, HQ Wireline, HQ > Locking Coupling, 0, 159.04, new
3546750, 1234, HQ Wireline, HQ > EZY Lock O.S Assembly, 0, 0.00, new
3548105, 1234, HQ Wireline, HQ > Washer Nord Lock, 0, 0.00, new
25236, 1234, HQ Wireline, HQ > used Inner Tubes 10ft used, 3, 152.36, used
25243, 1234, HQ Wireline, HQ > used Outer Tubes 10ft used, 4, 242.60, used
25258, 1234, HQ Wireline, HQ > used Inner Tube 5 Used, 0, 0.00, used
25259, 1234, HQ Wireline, HQ > used Outer Tube 5 Used, 0, 0.00, used
3542941, 1234, HQ Wireline, HQ > used HQ Head Assembly, 6, 792.46, used
3542947, 1234, HQ Wireline, HQ > used Core Barrel Assembly 10Used, 4, 0.00, used
00000, 1234, HQ Wireline, HQ > Corebarrel Clamp bushing, 2, 75.00, new
4373304, 1234, Diamond Articles, NQ Bits > Fordia T-Rex 4-6, 6, 325.00, new
6435804, 1234, Diamond Articles, NQ Bits > Fordia T-Rex 6-9, 2, 325.00, new
4892903, 1234, Diamond Articles, NQ Bits > Fordia Shark 13, 2, 350.00, new
6086901, 1234, Diamond Articles, NQ Bits > Fordia Shark 2 Turbo, 2, 350.00, new
4213109, 1234, Diamond Articles, NQ Bits > Fordia Shark 2, 0, 350.00, new
4582705, 1234, Diamond Articles, NQ Bits > Fordia Shark 2 Face D, 0, 350.00, new
6762703, 1234, Diamond Articles, NQ Bits > Fordia P-200 Turbo, 1, 325.00, new
6845101, 1234, Diamond Articles, NQ Bits > Fordia P-260, 3, 325.00, new
3422310, 1234, Diamond Articles, NQ Bits > Fordia P-260 Turbo, 2, 350.00, new
4389806, 1234, Diamond Articles, NQ Bits > Fordia Blitz 23, 2, 325.00, new
762716, 1234, Diamond Articles, NQ Bits > Dimatec 07, 1, 345.00, new
1442702, 1234, Diamond Articles, NQ Bits > Longyear Alpha 09, 11, 425.00, new
1337735, 1234, Diamond Articles, NQ Bits > Longyear Alpha 08, 0, 425.00, new
819896, 1234, Diamond Articles, NQ Bits > Longyear Alpha 07, 0, 425.00, new
813272, 1234, Diamond Articles, NQ Bits > Longyear Alpha 06, 6, 425.00, new
00000, 1234, Diamond Articles, NQ Bits > Hayden  4, 3, 312.50, new
074484, 1234, Diamond Articles, NQ Bit > Hayden 2, 4, 312.50, new
00000, 1234, Diamond Articles, NQ Bit > Fordia T-Rex 9-11, 0, 345.00, new
00000, 1234, Diamond Articles, NQ Bit > Fordia Turbo #9901, 3, 345.00, new
00000, 1234, Diamond Articles, NQ Bit > Fordia Hero 3, 2, 345.00, new
7448404, 1234, Diamond Articles, NQ Reamshell > Fordia - Rhino, 2, 295.00, new
00000, 1234, Diamond Articles, NQ Bit > Fordia-Hero 7, 1, 345.00, new
00000, 1234, Diamond Articles, NQ Cas.shoe > Fordia Gator Green, 6, 85.00, new
00000, 1234, Diamond Articles, NQ Cas.shoe > Fordia Gator Blue, 0, 85.00, new
00000, 1234, Diamond Articles, NQ Bit > Fordia Hero 11, 2, 345.00, new
00000, 1234, Diamond Articles, NQ3 FD > Hole Products, 4, 575.00, new
00000, 1234, Diamond Articles, HQ Bit > Fordia T-Rex 4-6, 1, 550.00, new
6737601, 1234, Diamond Articles, HQ Bits > Fordia Shark2 Face Disch., 1, 583.68, new
2352001, 1234, Diamond Articles, HQ -  3 Bits > Fordia T-Rex 4x6 T.T., 0, 668.00, new
00000, 1234, Diamond Articles, HQ -  3 Bits > Fast Drill T.T.face dischg., 1, 668.00, new
6987106, 1234, Diamond Articles, HQ - 3 Bit > Fordia T-Rex 9-11, 3, 668.00, new
2352901, 1234, Diamond Articles, HQ - 3 Bit > Fordia Shark 7 T.T., 0, 668.00, new
00000, 1234, Diamond Articles, HQ - 3 Bit > Longyear Alpha 7 T.T., 2, 630.00, new
00000, 1234, Diamond Articles, HQ Bit  > Longyear Alpha 9 Ext., 1, 630.00, new
00000, 1234, Diamond Articles, HWL > Hayden # 15, 9, 595.00, new
7448404, 1234, Diamond Articles, HQ Reamshell > Fordia Rhino, 0, 360.00, new
00000, 1234, Diamond Articles, HQ Cas. Shoe > Fordia Gator (blue), 0, 230.00, new
00000, 1234, Diamond Articles, HQ Cas. Shoe > Fordia Gator (green), 0, 230.00, new
1741995, 1234, Diamond Articles, HQ Cas. Bit > Longyear HRQ shoe bit, 2, 230.00, new
6211, 1234, Longyar 38, LY38 > Bearings, 3, 10.00, new
11931, 1234, Longyar 38, LY38 > Retainer, 3, 51.15, new
15470, 1234, Longyar 38, LY38 > Alt belt, 3, 8.52, new
15540, 1234, Longyar 38, LY38 > Blower belt, 4, 12.76, new
15689, 1234, Longyar 38, LY38 > Bushing, 0, 24.50, new
17209, 1234, Longyar 38, LY38 > Clutch Yoke, 0, 128.40, new
17249, 1234, Longyar 38, LY38 > Rivet, 50, 2.40, new
17834, 1234, Longyar 38, LY38 > Lock nut, 4, 8.00, new
18851, 1234, Longyar 38, LY38 > Bearing, 1, 30.10, new
19255, 1234, Longyar 38, LY38 > Seal, 3, 63.90, new
19704, 1234, Longyar 38, LY38 > Seal, 8, 19.95, new
19709, 1234, Longyar 38, LY38 > Lock washer, 0, 4.00, new
19710, 1234, Longyar 38, LY38 > Lock nut, 2, 14.70, new
19711, 1234, Longyar 38, LY38 > Lock washer, 0, 4.12, new
19712, 1234, Longyar 38, LY38 > Lock nut, 2, 8.52, new
19913, 1234, Longyar 38, LY38 > Wodriff key, 6, 8.60, new
20111, 1234, Longyar 38, LY38 > Rod, 0, 1.50, new
21075, 1234, Longyar 38, LY38 > Bearing timkin, 2, 16.10, new
21942, 1234, Longyar 38, LY38 > Shaft Intermed. Gear, 0, 249.75, new
21945, 1234, Longyar 38, LY38 > Bearing spacer, 3, 56.50, new
21948, 1234, Longyar 38, LY38 > Seal & bearing retainer, 2, 140.90, new
21951, 1234, Longyar 38, LY38 > Sliding gear, 1, 876.30, new
21953, 1234, Longyar 38, LY38 > Shaft, 0, 939.00, new
21975, 1234, Longyar 38, LY38 > Thrust washer, 4, 49.50, new
22045, 1234, Longyar 38, LY38 > Brake handle, 1, 264.50, new
22056, 1234, Longyar 38, LY38 > Rod 38 support, 5, 40.15, new
22064, 1234, Longyar 38, LY38 > Pin 38 brake, 4, 25.50, new
22065, 1234, Longyar 38, LY38 > Shifter fork yoke, 2, 395.40, new
22088, 1234, Longyar 38, LY38 > Seal Oil, 4, 25.50, new
22089, 1234, Longyar 38, LY38 > Bearing, 4, 41.95, new
22091, 1234, Longyar 38, LY38 > Bearing, 5, 80.55, new
22092, 1234, Longyar 38, LY38 > Planetary bearing, 7, 41.00, new
22093, 1234, Longyar 38, LY38 > Bearing, 6, 40.90, new
22094, 1234, Longyar 38, LY38 > Bearing, 3, 90.55, new
22095, 1234, Longyar 38, LY38 > Bearing, 0, 96.95, new
22096, 1234, Longyar 38, LY38 > Bearing, 0, 53.20, new
22098, 1234, Longyar 38, LY38 > Snap ring, 6, 9.10, new
22329, 1234, Longyar 38, LY38 > Spacer, 2, 99.05, new
22330, 1234, Longyar 38, LY38 > Retaining ring, 2, 17.70, new
22331, 1234, Longyar 38, LY38 > Bearing, 7, 195.85, new
22333, 1234, Longyar 38, LY38 > Bearing, 12, 125.68, new
22390, 1234, Longyar 38, LY38 > Seal Oil, 1, 38.85, new
22391, 1234, Longyar 38, LY38 > Washer keyed, 5, 12.15, new
22393, 1234, Longyar 38, LY38 > Camm follower, 10, 28.30, new
22400, 1234, Longyar 38, LY38 > Grease fitting, 5, 2.56, new
22580, 1234, Longyar 38, LY38 > Spacer W/L drum, 5, 71.65, new
22644, 1234, Longyar 38, LY38 > Roll pin, 6, 3.05, new
22647, 1234, Longyar 38, LY38 > Spring Pin 3/16 x 1, 4, 2.45, new
22715, 1234, Longyar 38, LY38 > Retainer Ext hub gear, 4, 5.30, new
23424, 1234, Longyar 38, LY38 > Spring, 2, 21.32, new
23638, 1234, Longyar 38, LY38 > Supt 44 HST clutch, 0, 162.15, new
23639, 1234, Longyar 38, LY38 > Actuator clutch w/l hoist, 1, 104.90, new
23640, 1234, Longyar 38, LY38 > Wireline sprocket lg., 0, 115.15, new
23644, 1234, Longyar 38, LY38 > Clutch disc, 1, 126.55, new
23648, 1234, Longyar 38, LY38 > Supt 44 HST shaft, 2, 313.15, new
23669, 1234, Longyar 38, LY38 > Wireline brake band, 1, 0.00, new
23672, 1234, Longyar 38, LY38 > Brakeband wireline, 1, 0.00, new
23673, 1234, Longyar 38, LY38 > Brakeband liner, 0, 0.00, new
23863, 1234, Longyar 38, LY38 > Spring, 0, 3.08, new
23997, 1234, Longyar 38, LY38 > Shaft 38 bevel pin, 1, 640.60, new
24283, 1234, Longyar 38, LY38 > Planetary thrust washer, 4, 51.60, new
24284, 1234, Longyar 38, LY38 > Planetary, 5, 358.55, new
24285, 1234, Longyar 38, LY38 > Planetary pin shaft, 4, 108.00, new
24680, 1234, Longyar 38, LY38 > Lever ASM 38 shift, 0, 264.10, new
25150, 1234, Longyar 38, LY38 > Seal upper, 1, 114.90, new
25152, 1234, Longyar 38, LY38 > Housing, 0, 1.50, new
25153, 1234, Longyar 38, LY38 > Ball bearing, 2, 397.45, new
25156, 1234, Longyar 38, LY38 > Seal oil, 0, 72.35, new
25157, 1234, Longyar 38, LY38 > Cross head BRG CA, 0, 450.00, new
25160, 1234, Longyar 38, LY38 > Seal H hand oil, 5, 88.55, new
25163, 1234, Longyar 38, LY38 > Seal, 3, 97.00, new
25164, 1234, Longyar 38, LY38 > Shim set, 1, 72.75, new
25199, 1234, Longyar 38, LY38 > Key H Dead, 1, 7.40, new
25371, 1234, Longyar 38, LY38 > Bearing, 4, 180.15, new
26201, 1234, Longyar 38, LY38 > Knob, 1, 95.55, new
26202, 1234, Longyar 38, LY38 > Pin, 2, 57.00, new
26204, 1234, Longyar 38, LY38 > Shifter lever spring , 1, 15.75, new
26205, 1234, Longyar 38, LY38 > Shift lever, 1, 147.35, new
26209, 1234, Longyar 38, LY38 > Spider flange, 1, 491.90, new
26217, 1234, Longyar 38, LY38 > Shaft  New , 0, 1077.25, new
26218, 1234, Longyar 38, LY38 > Shaft clutch, 1, 674.00, new
26219, 1234, Longyar 38, LY38 > Key clutch shaft, 0, 12.05, new
26220, 1234, Longyar 38, LY38 > Key clutch shaft, 0, 10.25, new
26222, 1234, Longyar 38, LY38 > Snap ring, 6, 5.20, new
26223, 1234, Longyar 38, LY38 > Spring, 6, 6.75, new
26224, 1234, Longyar 38, LY38 > SKF bearing, 0, 24.55, new
26480, 1234, Longyar 38, LY38 > Spring compression, 7, 4.45, new
26628, 1234, Longyar 38, LY38 > Lock washer, 5, 7.65, new
28321, 1234, Longyar 38, LY38 > Jaw springs, 5, 3.60, new
28324, 1234, Longyar 38, LY38 > Clamp cylinder, 3, 33.55, new
28335, 1234, Longyar 38, LY38 > Bush NQ rod, 4, 206.05, new
28342, 1234, Longyar 38, LY38 > 4 1/2 hood bolts, 7, 18.70, new
28565, 1234, Longyar 38, LY38 > Clutch lever, 0, 359.52, new
28567, 1234, Longyar 38, LY38 > Shaft 38 Yoke, 0, 249.70, new
28577, 1234, Longyar 38, LY38 > Key ret, 4, 33.40, new
28992, 1234, Longyar 38, LY38 > Chuck hood, 0, 1141.10, new
28993, 1234, Longyar 38, LY38 > Quad ring, 3, 6.70, new
28994, 1234, Longyar 38, LY38 > Quad ring, 3, 11.00, new
28995, 1234, Longyar 38, LY38 > Quad ring, 3, 13.60, new
28996, 1234, Longyar 38, LY38 > O-ring, 3, 5.30, new
28997, 1234, Longyar 38, LY38 > Drive tube adapter, 2, 295.85, new
29052, 1234, Longyar 38, LY38 > Chuck cover (new)), 0, 464.80, new
29052, 1234, Longyar 38, LY38 > Chuck cover (used), 0, 464.80, used
29807, 1234, Longyar 38, LY38 > Chuck assembly (used), 0, 1902.75, used
29807, 1234, Longyar 38, LY38 > Chuck assembly (new), 0, 1902.75, new
30086, 1234, Longyar 38, LY38 > Bushing front, 1, 28.65, new
30087, 1234, Longyar 38, LY38 > Bushing rear, 1, 56.85, new
30088, 1234, Longyar 38, LY38 > O-ring, 6, 2.45, new
30191, 1234, Longyar 38, LY38 > Snap ring, 7, 6.40, new
35297, 1234, Longyar 38, LY38 > Snap ring, 5, 6.95, new
35522, 1234, Longyar 38, LY38 > Pinion gear, 2, 518.60, new
35833, 1234, Longyar 38, LY38 > Spacer, 3, 32.20, new
35850, 1234, Longyar 38, LY38 > Tension Rod, 1, 65.20, new
37730, 1234, Longyar 38, LY38 > Cylinder packing kit, 1, 57.95, new
38496, 1234, Longyar 38, LY38 > #80 Flex Element, 0, 793.20, new
39633, 1234, Longyar 38, LY38 > Jam Nut, 8, 5.10, new
39647, 1234, Longyar 38, LY38 > Spacer W/L drum, 2, 35.50, new
39648, 1234, Longyar 38, LY38 > Spacer, 3, 99.05, new
39650, 1234, Longyar 38, LY38 > W/L comp spring, 1, 88.40, new
39651, 1234, Longyar 38, LY38 > Bearing, 5, 28.45, new
40466, 1234, Longyar 38, LY38 > Bevel Gear, 2, 837.60, new
40506, 1234, Longyar 38, LY38 > Chuck hood rings, 3, 14.80, new
44507, 1234, Longyar 38, LY38 > Nut jam 7/8-9, 0, 3.35, new
44545, 1234, Longyar 38, LY38 > Bolt, 1, 3.10, new
44591, 1234, Longyar 38, LY38 > 1X8 castle, 4, 10.00, new
44594, 1234, Longyar 38, LY38 > Rivets 3/16x5/8 brakeband, 36, 2.40, new
44766, 1234, Longyar 38, LY38 > Retainer Ext hub gear, 0, 2.40, new
44952, 1234, Longyar 38, LY38 > 5/8 X 24 unf, 0, 0.50, new
48925, 1234, Longyar 38, LY38 > Rivets 3/16 x 7/16, 0, 0.00, new
51507, 1234, Longyar 38, LY38 > Seal ring, 1, 61.70, new
51508, 1234, Longyar 38, LY38 > Seal ring segmented, 2, 89.25, new
52013, 1234, Longyar 38, LY38 > Clutch band assembly, 0, 754.90, new
52014, 1234, Longyar 38, LY38 > Lining brade sets, 0, 181.44, new
52016, 1234, Longyar 38, LY38 > Lining brake sets, 2, 264.60, new
52021, 1234, Longyar 38, LY38 > Brake band assembly, 0, 843.45, new
61431, 1234, Longyar 38, LY38 > Spring compression, 16, 39.75, new
61450, 1234, Longyar 38, LY38 > Lubrication hose, 1, 45.10, new
61626, 1234, Longyar 38, LY38 > Spring bar, 6, 91.30, new
62436, 1234, Longyar 38, LY38 > 4 spring bolts, 10, 32.30, new
63081, 1234, Longyar 38, LY38 > Bearings, 5, 67.60, new
75116, 1234, Longyar 38, LY38 > Locking pin spring, 0, 4.45, new
75122, 1234, Longyar 38, LY38 > Locking pin , 2, 25.55, new
75123, 1234, Longyar 38, LY38 > Springs Release, 0, 4.45, new
75155, 1234, Longyar 38, LY38 > Disc roller, 0, 114.30, new
75156, 1234, Longyar 38, LY38 > Adjusting yoke, 0, 230.30, new
78608, 1234, Longyar 38, LY38 > Floating plate, 1, 253.70, new
78781, 1234, Longyar 38, LY38 > Bearing T18, 1, 24.05, new
79162, 1234, Longyar 38, LY38 > Backing plate, 0, 642.05, new
95889, 1234, Longyar 38, LY38 > Drive plates, 2, 89.30, new
103287, 1234, Longyar 38, LY38 > Retainer Ext hub gear, 0, 61.90, new
103351, 1234, Longyar 38, LY38 > Extended hub gear, 0, 890.16, new
103352, 1234, Longyar 38, LY38 > Ext hub gear lock nut, 2, 183.95, new
7259016, 1234, Longyar 38, LY38 > Check valve, 0, 74.98, new
340468, 1234, Longyar 38, LY38 > Quill, 0, 1329.60, new
5134, 1234, Longyar 38, LY38 > WP flow control, 2, 96.60, new
20115, 1234, Longyar 38, LY38 > Jam Nut, 2, 22.26, new
20114, 1234, Longyar 38, LY38 > Bolt Lock, 2, 94.35, new
750065, 1234, Longyar 38, LY38 > Ball valve, 1, 38.98, new
00000, 1234, Longyar 38, LY38 > Wireline  (Ft), 800, 0.42, new
00000, 1234, Longyar 38, LY38 > NewT-18 transmission Reb., 1, 1000.00, new
00000, 1234, Longyar 38, LY38 > H drill head Rebuilt, 1, 3000.00, new
00000, 1234, Longyar 38, LY38 > Hoist drum Rebuilt, 0, 1500.00, new
00000, 1234, Longyar 38, LY38 > Lever Assembly Clutch/Br, 0, 500.00, new
00000, 1234, Longyar 38, LY38 > Drive Tube with new, 0, 0.00, new
00000, 1234, Longyar 38, LY38 > bearings, 2, 800.00, new
22197, 1234, John Bean 420, 435 Bean > Brass nuts , 4, 3.56, new
25160, 1234, John Bean 420, 420 Bean > Seal, 0, 70.84, new
25307, 1234, John Bean 420, 420 Bean > Ball 7/8, 1, 3.78, new
29321, 1234, John Bean 420, 435 Bean > Seats Red, 0, 27.63, new
75004, 1234, John Bean 420, 420 Bean > Plunger cup, 4, 9.92, new
75008, 1234, John Bean 420, 420 Bean > Cyl. Head, 0, 37.57, new
75009, 1234, John Bean 420, 420 Bean > Valve Cover, 0, 32.80, new
75010, 1234, John Bean 420, 420 Bean > Cyl. Stud, 0, 10.24, new
75012, 1234, John Bean 420, 420 Bean > Packing Nut, 4, 22.98, new
75026, 1234, John Bean 420, 420 Bean > Gasket cover, 13, 4.10, new
75027, 1234, John Bean 420, 420 Bean > Brass Nut, 0, 4.10, new
75028, 1234, John Bean 420, 420 Bean > Plunger cup, 6, 70.63, new
75059, 1234, John Bean 420, 420 Bean > Washer packing, 7, 1.51, new
75060, 1234, John Bean 420, 420 Bean > Ceramic Cylinder, 8, 117.92, new
75066, 1234, John Bean 420, 420 Bean > Cyl. Gasket, 15, 1.28, new
75067, 1234, John Bean 420, 420 Bean > Gasket cyl.valve cover copper, 11, 1.28, new
75067, 1234, John Bean 420, 420 Bean > Gasket cyl.valve cover fiber , 12, 0.64, new
75068, 1234, John Bean 420, 420 Bean > Cyl. Gasket Head (metal), 1, 2.63, new
75071, 1234, John Bean 420, 435 Bean > Cylinder gaskets, 38, 3.56, new
75079, 1234, John Bean 420, 420 Bean > Bearing con rod, 6, 63.59, new
78538, 1234, John Bean 420, 420 Bean > Connecting Rod, 1, 385.96, new
78540, 1234, John Bean 420, 420 Bean > Wrist pin, 3, 16.77, new
78543, 1234, John Bean 420, 420 Bean > Pinion Shaft Bearing, 3, 33.72, new
78545, 1234, John Bean 420, 420 Bean > Stud valve cover, 12, 7.08, new
79073, 1234, John Bean 420, 420 Bean > Pinion Bearing Cover, 2, 82.79, new
79074, 1234, John Bean 420, 420 Bean > Cover with hole, 2, 48.26, new
79075, 1234, John Bean 420, 420 Bean > Gasket, 6, 1.44, new
79081, 1234, John Bean 420, 420 Bean > Oil filler cap, 1, 18.53, new
79083, 1234, John Bean 420, 420 Bean > Crankshaft bearing gasket, 1, 1.99, new
79084, 1234, John Bean 420, 420 Bean > Crankshaft shim, 2, 1.70, new
79087, 1234, John Bean 420, 420 Bean > Cross Head Assembly, 1, 265.51, new
79098, 1234, John Bean 420, 420 Bean > Petcock, 0, 9.54, new
79214, 1234, John Bean 420, 420 Bean > Crankshaft gear assembly, 1, 1741.06, new
79215, 1234, John Bean 420, 420 Bean > Crankshaft bearing housing, 2, 61.99, new
79218, 1234, John Bean 420, 420 Bean > Bearing cone, 2, 18.79, new
79219, 1234, John Bean 420, 420 Bean > Bearing cup, 2, 10.53, new
79316, 1234, John Bean 420, 420 Bean > Oil Seal, 1, 2.82, new
79317, 1234, John Bean 420, 420 Bean > Seal Retaining nut, 5, 37.06, new
79318, 1234, John Bean 420, 420 Bean > Plunger Rod Seal Washer, 3, 5.09, new
79324, 1234, John Bean 420, 435 Bean > Seats, 5, 27.63, new
79327, 1234, John Bean 420, 420 Bean > O-Ring Pack Holder, 3, 1.41, new
79332, 1234, John Bean 420, 420 Bean > Seal Holder, 3, 13.67, new
79335, 1234, John Bean 420, 420 Bean > Cyl. Packing Seal Holder, 3, 12.80, new
79603, 1234, John Bean 420, 420 Bean > Fiber cylinder gaskets (Gr), 0, 11.80, new
79606, 1234, John Bean 420, 435 Bean > Packing (cups), 6, 49.44, new
79614, 1234, John Bean 420, 420 Bean > Valve Seat, 12, 42.92, new
79788, 1234, John Bean 420, 435 Bean > Value cover gasket, 15, 6.12, new
79789, 1234, John Bean 420, 435 Bean > Cylinder cover (used), 0, 3.92, used
605011, 1234, John Bean 420, 420 Bean > Studs, 0, , new
6050518, 1234, John Bean 420, 420 Bean > Sprocket Pressure, 1, 28.35, new
6050520, 1234, John Bean 420, 420 Bean > Sprocket Pressure, 1, 30.58, new
6050524, 1234, John Bean 420, 420 Bean > Sprocket - 420 Supply, 1, 40.75, new
605416, 1234, John Bean 420, 420 Bean > Sprocket - 420 Supply, 2, 26.95, new
4560, 1234, John Bean 420, 420 Bean > Chain  ft, 4, 7.02, new
5051, 1234, John Bean 420, 420 Bean > Martin Hub Pressure, 1, 11.25, new
505118, 1234, John Bean 420, 420 Bean > Martin Hub Pinion Shaft, 1, 11.25, new
00000, 1234, John Bean 420, 420 Bean > Cylinder covers, 0, 0.00, new
357900, 1234, Hatz, HATZ > Injector line, 2, 32.50, new
1389701, 1234, Hatz, HATZ > Injector line, 1, 32.50, new
3168400, 1234, Hatz, HATZ > Gaskets, 7, 1.26, new
40036901, 1234, Hatz, HATZ > Injector pump, 1, 320.05, new
40037500, 1234, Hatz, HATZ > Injector, 2, 46.80, new
40043800, 1234, Hatz, HATZ > Fuel filter, 6, 6.63, new
50484100, 1234, Hatz, HATZ > Air Filter, 2, 12.50, new
161415300, 1234, Hatz, KUBOTA > Injector, 1, 48.00, new
17447, 1234, Water Swivel, CPTWS > Grease fitting, 0, 1.83, new
19678, 1234, Water Swivel, CPTWS > O-ring, 6, 1.60, new
20169, 1234, Water Swivel, CPTWS > O-ring, 6, 1.54, new
20324, 1234, Water Swivel, CPTWS > Ball bearing, 5, 20.58, new
23861, 1234, Water Swivel, CPTWS > Swival packing, 3, 15.43, new
23863, 1234, Water Swivel, CPTWS > Washer spring, 6, 2.47, new
23866, 1234, Water Swivel, CPTWS > Packing cage, 1, 50.44, new
25612, 1234, Water Swivel, CPTWS > Felt seal, 5, 2.69, new
28190, 1234, Water Swivel, CPTWS > O-ring, 28, 1.67, new
3546529, 1234, Water Swivel, CPTWS > Swivel cap, 1, 157.12, new
3546530, 1234, Water Swivel, CPTWS > Wear sleeve, 3, 24.36, new
3546531, 1234, Water Swivel, CPTWS > Swivel body upper, 0, 96.26, new
3546907, 1234, Water Swivel, CPTWS > Spindle, 3, 96.26, new
3546908, 1234, Water Swivel, CPTWS > Bearing thrust ball, 1, 82.90, new
3546909, 1234, Water Swivel, CPTWS > Lower swivel body, 0, 129.00, new
3546952, 1234, Water Swivel, CPTWS > Compact & W.S. Assem., 2, 0.00, new
21837, 1234, Water Swivel, CPTWS > Valve ball , 1, 4.64, new
21839, 1234, Water Swivel, CPTWS > Guide swing, 3, 5.82, new
21841, 1234, Water Swivel, CPTWS > Adjusting screw, 1, 25.92, new
22177, 1234, Water Swivel, CPTWS > Washer, 2, 2.96, new
22179, 1234, Water Swivel, CPTWS > Nut ?  5/8 brass, 1, 3.56, new
24313, 1234, Water Swivel, CPTWS > Comprssion spring, 1, 16.10, new
3546492, 1234, Water Swivel, CPTWS > Complete relief valve, 2, 328.00, new
3546493, 1234, Water Swivel, CPTWS > Body, 0, 176.96, new
3546494, 1234, Water Swivel, CPTWS > Avid spring, 0, 37.92, new
3546495, 1234, Water Swivel, CPTWS > Holden B-U, 3, 27.52, new
3546496, 1234, Water Swivel, CPTWS > Seat, 1, 52.36, new
3546955, 1234, Water Swivel, CPTWS > Spare parts kit, 0, 0.00, new
3545380, 1234, Water Swivel, CPTWS > Hoist Plug Standard, 0, 0.00, new
3545380, 1234, Water Swivel, CPTWS > used Hoist Plug Standard Used, 0, 0.00, used
3542898, 1234, Water Swivel, CPTWS > Hoist Plug Heavy Duty, 0, 0.00, new
3542898, 1234, Water Swivel, CPTWS > used Hoist Plug Heavy Duty Used, 2, 0.00, used
104743, 1234, Subs Adaptor, NRQHP  > NRQHP Box to NQ Rod Pin, 0, 152.00, new
104743, 1234, Subs Adaptor, NRQHP  > used NRQHP Box to NQ Rod Pin Used, 2, 0.00, used
306452, 1234, Subs Adaptor, NRQHP  > NRQHP Box to NW Casing Pin, 0, 107.60, new
306452, 1234, Subs Adaptor, NRQHP  > used NRQHP Box to NW Casing Pin Used, 5, 0.00, used
3542825, 1234, Subs Adaptor, NRQHP  > NRQHP Box to NW Rod Pin , 3, 151.52, new
3542825, 1234, Subs Adaptor, NRQHP  > used NRQHP Box to NW Rod Pin Used, 0, 0.00, used
3542884, 1234, Subs Adaptor, NW > NW R/P to NRQ HP R/P Bull Nose, 0, 0.00, new
3542884, 1234, Subs Adaptor, NW > used NW R/P to NRQ HP R/P Bull Nose, 1, 0.00, used
25615, 1234, Subs Adaptor, BQ > BQ Pin to AW Pin, 0, 220.00, new
25615, 1234, Subs Adaptor, BQ > used BQ Pin to AW Pin Used, 1, 0.00, used
3542934, 1234, Subs Adaptor, BQ > BQ Pin to NW Rod Pin, 0, 130.44, new
3542934, 1234, Subs Adaptor, BQ > used BQ Pin to NW Rod Pin Used, 0, 0.00, used
3540879, 1234, Subs Adaptor, NRQHP  > NRQHP Pin to AW Rod Pin, 0, 220.64, new
3540879, 1234, Subs Adaptor, NRQHP  > used NRQHP Pin to AW Rod Pin Used, 0, 0.00, used
3541881, 1234, Subs Adaptor, NRQHP  > NRQHP Box to BW Rod Pin, 0, 126.16, new
3541881, 1234, Subs Adaptor, NRQHP  > used NRQHP Box to BW Rod Pin Used, 0, 0.00, used
3542885, 1234, Subs Adaptor, HRQHP > HRQHP Rod Pin  to HW Rod Pin, 0, 238.00, new
3542885, 1234, Subs Adaptor, HRQHP > used HRQHP Rod Pin to HW Rod Pin Used, 0, 0.00, used
3541874, 1234, Subs Adaptor, HRQHP > HRQHP Rod Pin to NW Rod Pin, 0, 0.00, new
3541874, 1234, Subs Adaptor, HRQHP > used HRQHP Rod Pin to NW Rod Pin U, 0, 0.00, used
306255, 1234, Subs Adaptor, HRQHP > HRQHP Rod Box to HWT casing pin, 0, 0.00, new
306255, 1234, Subs Adaptor, HRQHP > used HRQHP Rod Box to HWT cas.pin U, 0, 0.00, used
3541879, 1234, Subs Adaptor, HRQHP > HRQHP Rod Box to HW casing pin, 0, 0.00, new
3541879, 1234, Subs Adaptor, HRQHP > used HRQHP Rod Box to HW cas.pin U., 0, 0.00, used
306251, 1234, Subs Adaptor, HRQHP > HRQHP rod pin to BW rod pin, 0, 0.00, new
306251, 1234, Subs Adaptor, HRQHP > used HRQHP rod pin to BW rod pin Used, 0, 0.00, used
306034, 1234, Subs Adaptor, NQ > NQ Rod Tap, 0, 263.36, new
306034, 1234, Subs Adaptor, NQ > used NQ Rod Tap Used, 2, 0.00, used
306066, 1234, Subs Adaptor, NW > NW Casing Tap, 2, 366.80, new
306066, 1234, Subs Adaptor, NW > used NW Casing Tap Used, 0, 0.00, used
306079, 1234, Subs Adaptor, HQ > HQ Rod Tap, 0, 0.00, new
306079, 1234, Subs Adaptor, HQ > used HQ Rod Tap Used, 1, 0.00, used
3542968, 1234, Subs Adaptor, HW > HW Casing Tap, 0, 0.00, new
3542968, 1234, Subs Adaptor, HW > used HW Casing Tap Used, 1, 0.00, used
52777, 1234, Subs Adaptor, NW > used NW Casing Cutter Used, 2, 0.00, used
14532, 1234, Subs Adaptor, NW > NW Casing Cutter lugs, 10, 0.00, new
14588, 1234, Subs Adaptor, NW > NW Casing Cutter pins, 7, 0.00, new
36216, 1234, Subs Adaptor, HW > HW Casing Cutter pins, 18, 0.00, new
62830, 1234, Subs Adaptor, HW > HW Casing Cutter lugs, 7, 0.00, new
60879, 1234, Subs Adaptor, HW > used HW Casing Cutter Used, 1, 0.00, used
729432, 1234, Misc Diamond Drill, MISCDIA > Rod Grease (Coat), 31, 81.00, new
25237132, 1234, Misc Diamond Drill, MISCDIA > Casing advancer OS Assembly, 1, 588.34, new
25356080, 1234, Misc Diamond Drill, MISCDIA > Quad latch finger, 1, 40.79, new
00000, 1234, Misc Diamond Drill, MISCDIA > Waterline hose 1in 200PSI 100 rolls/couplings, 100, 12.0, new
00000, 1234, Misc Diamond Drill, MISCDIA > Waterline hose 1in 300PSI 100 (Yellow), 9, 120.00, new
00000, 1234, Misc Diamond Drill, MISCDIA > Water tanks Rubber Maid, 7, 150.00, new
00000, 1234, Misc Diamond Drill, MISCDIA > Hole Plugs 3 - 4 1/4, 50, 2.44, new
00000, 1234, Misc Diamond Drill, MISCDIA > Hole Plugs 6 - 9, 150, 3.50, new
00000, 1234, Misc Diamond Drill, MISCDIA > NQ Core Boxes, 260, 6.50, new
00000, 1234, Misc Diamond Drill, MISCDIA > HQ Core Boxes, 160, 7.00, new
00000, 1234, Misc Diamond Drill, MISCDIA > Form - A - Core, 7, 236.00, new
00000, 1234, Misc Diamond Drill, MISCDIA > X-Pand (lost circulation), 12, 220.00, new
00000, 1234, Misc Diamond Drill, MISCDIA > Poly Plus, 64, 88.00, new
00000, 1234, Misc Diamond Drill, MISCDIA > Max - Gel  Bentonite, 17, 7.15, new
00000, 1234, Misc Diamond Drill, MISCDIA > DD 2000 (powder), 2, 150.00, new
00000, 1234, Misc Diamond Drill, MISCDIA > Sand Drill, 4, 86.00, new
00000, 1234, Misc Diamond Drill, MISCDIA > Tube Lube, 1, 99.41, new
00000, 1234, Misc Diamond Drill, MISCDIA > Rod Ease (Torque Reducer), 32, 0.00, new
00000, 1234, Rotary Drill Pipe and Bits, ROTDPB > Mayhew Reg. 15 (New), 0, 335.00, new
00000, 1234, Rotary Drill Pipe and Bits, ROTDPB > Mayhew Reg. 15 (Rebuilt), 26, 185.00, new
00000, 1234, Rotary Drill Pipe and Bits, ROTDPB > Mayhew Reg. 15 (Used), 24, 297.50, used
00000, 1234, Rotary Drill Pipe and Bits, ROTDPB > Mayhew Reg. 15 (For Rebuild), 0, 0.00, new
00000, 1234, Rotary Drill Pipe and Bits, ROTDPB > Mayhew Reg. Pin (end only), 4, 97.00, new
00000, 1234, Rotary Drill Pipe and Bits, ROTDPB > Mayhew Reg. Box (end only), 5, 97.00, new
00000, 1234, Rotary Drill Pipe and Bits, ROTDPB > Fishtail Bits M.R. 5 1/2, 0, 90.00, new
00000, 1234, Rotary Drill Pipe and Bits, ROTDPB > Fishtail Bits M.R. 6, 0, 125.00, new
00000, 1234, Rotary Drill Pipe and Bits, ROTDPB > Tricone Bits 3 7/8, 4, 299.00, new
00000, 1234, Rotary Drill Pipe and Bits, ROTDPB > Tricone Bits 215/16 used, 2, 299.00, used
00000, 1234, Rotary Drill Pipe and Bits, ROTDPB > Tricone Bits 4, 0, 162.50, new
152992, 1234, Gardner Denver Failing , GDFLNG > Ratchel (G.D. 500), 8, 29.69, new
154253, 1234, Gardner Denver Failing , GDFLNG > Pawl (G.D. 500), 6, 25.40, new
101111, 1234, Gardner Denver Failing , GDFLNG > Cone ring, 5, 88.00, new
101112, 1234, Gardner Denver Failing , GDFLNG > Cone coller, 2, 78.00, new
101120, 1234, Gardner Denver Failing , GDFLNG > Spring clutch, 18, 1.70, new
10114, 1234, Gardner Denver Failing , GDFLNG > Roller pin, 2, 1.46, new
101144, 1234, Gardner Denver Failing , GDFLNG > T.O. yoke, 3, 49.90, new
101163, 1234, Gardner Denver Failing , GDFLNG > Roller kit, 0, 25.48, new
101176, 1234, Gardner Denver Failing , GDFLNG > Yoke adjusting  (used), 5, 167.50, used
101177, 1234, Gardner Denver Failing , GDFLNG > Yoke adjusting  (new), 3, 167.50, new
10118, 1234, Gardner Denver Failing , GDFLNG > Lock pin, 3, 9.50, new
10119, 1234, Gardner Denver Failing , GDFLNG > Lock pin spring, 3, 1.70, new
102766, 1234, Gardner Denver Failing , GDFLNG > Bushing, 6, 22.20, new
501182, 1234, Gardner Denver Failing , GDFLNG > Cone assembly, 0, 244.30, new
504165, 1234, Gardner Denver Failing , GDFLNG > Cone assembly, 0, 288.90, new
604103, 1234, Gardner Denver Failing , GDFLNG > Drive plate (Draw works), 6, 40.00, new
6041063, 1234, Gardner Denver Failing , GDFLNG > Spring clutch, 38, 1.70, new
00000, 1234, Gardner Denver Failing , GDFLNG > Chain #60 Triple, 3, 179.93, new
00000, 1234, Gardner Denver Failing , GDFLNG > Chain #60 Double, 1, 102.00, new
00000, 1234, Gardner Denver Failing , GDFLNG > Chain #60 (10 per roll), 0, 37.04, new
00000, 1234, Gardner Denver Failing , GDFLNG > Chain #80 (10 per roll), 0, 67.28, new
00000, 1234, Gardner Denver Failing , GDFLNG > Chain #100 (10 per roll), 2, 115.00, new
00000, 1234, Gardner Denver Failing , GDFLNG > Chain #120 (10 per roll), 5, 165.00, new
00000, 1234, Gardner Denver Failing , GDFLNG > Seals and Bearings Various, 224, 20.00, new
00000, 1234, Gardner Denver Failing , GDFLNG > U-Joints Various, 31, 16.00, new
00000, 1234, Gardner Denver Failing , GDFLNG > Clutch & pressure plate, 3, 180.00, new
00000, 1234, Gardner Denver Failing , GDFLNG > Fast Plug MHR, 1, 393.00, new
00000, 1234, Gardner Denver Failing , GDFLNG > Guide Roller GD 500, 2, 136.00, new
00000, 1234, Gardner Denver Failing , GDFLNG > 2 Goose neck GD 500, 1, 277.05, new
00000, 1234, Gardner Denver Failing , GDFLNG > Washpipe GD 500, 1, 313.72, new
00000, 1234, Gardner Denver Failing , GDFLNG > Locknut GD 500, 1, 67.70, new
00000, 1234, Gardner Denver Failing , GDFLNG > MR pipe slips, 0, 582.00, new
00000, 1234, Gardner Denver Failing , GDFLNG > Gooseneck GD 1000, 2, 269.32, new
00000, 1234, Gardner Denver Failing , GDFLNG > Washpipe GD 1000, 1, 177.79, new
00000, 1234, Gardner Denver Failing , GDFLNG > Locknut GD 1000, 2, 68.92, new
101319, 1234, Gardner Denver 5x6, GD5x6 > Shaft nut, 0, 48.60, new
101117, 1234, Gardner Denver 5x6, GD5x6 > Drive plate, 6, 30.80, new
1404839, 1234, Gardner Denver 5x6, GD5x6 > Valve rubbers gravel, 11, 11.60, new
200466039, 1234, Gardner Denver 5x6, GD5x6 > Valve seats gravel, 8, 36.00, new
2004664828, 1234, Gardner Denver 5x6, GD5x6 > Valves gravel, 8, 78.00, new
25466183, 1234, Gardner Denver 5x6, GD5x6 > Piston rods, 2, 84.00, new
25618, 1234, Gardner Denver 5x6, GD5x6 > Valve cover gaskets, 6, 6.00, new
25624, 1234, Gardner Denver 5x6, GD5x6 > Cyl. head gaskets, 8, 11.00, new
78072, 1234, Gardner Denver 5x6, GD5x6 > Springs, 25, 4.23, new
416721, 1234, Gardner Denver 5x6, GD5x6 > Skinner packing, 2, 11.60, new
4641, 1234, Gardner Denver 5x6, GD5x6 > Pump head cover, 2, 150.00, new
4645650, 1234, Gardner Denver 5x6, GD5x6 > Liners, 4, 145.00, new
00000, 1234, Gardner Denver 5x6, GD5x6 > Liner rings, 2, 50.40, new
00000, 1234, Gardner Denver 5x6, GD5x6 > Piston rubber kits, 2, 55.00, new
00000, 1234, Gardner Denver 5x6, GD5x6 > Set screw kit, 0, 12.75, new
00000, 1234, Gardner Denver 5x6, GD5x6 > Swivel packing, 26, 7.50, new
00000, 1234, Gardner Denver 5x6, GD5x6 > Packing gland nuts, 2, 37.00, new
00000, 1234, Gardner Denver 5x6, GD5x6 > Small brass washer, 4, 5.86, new
00000, 1234, Gardner Denver 5x6, GD5x6 > Large brass washer, 4, 10.62, new
00000, 1234, Gardner Denver 5x6, GD5x6 > Valve bolt & nut, 6, 17.30, new
00000, 1234, AM General, AMGEN > Signal system buzzer, 3, 10.00, new
00000, 1234, AM General, AMGEN > Brake wheel cylinder, 8, 21.50, new
00000, 1234, AM General, AMGEN > Dimmer switch, 2, 15.50, new
00000, 1234, AM General, AMGEN > Emergency brake lever, 1, 46.50, new
00000, 1234, AM General, AMGEN > Tail light assembly, 2, 45.00, new
00000, 1234, AM General, AMGEN > Signal light assembly, 2, 45.00, new
00000, 1234, AM General, AMGEN > Rubber frame bumper, 5, 23.95, new
00000, 1234, AM General, AMGEN > Hood latch, 4, 10.75, new
00000, 1234, AM General, AMGEN > Blinker switch, 2, 39.50, new
00000, 1234, AM General, AMGEN > Brake drums, 4, 95.00, new
00000, 1234, AM General, AMGEN > Brake shoes, 4, 25.50, new
00000, 1234, AM General, AMGEN > Emergency brake shoes, 2, 125.00, new
00000, 1234, AM General, AMGEN > Radial arm bushing, 4, 38.50, new
00000, 1234, AM General, AMGEN > Windshield wiper motor, 4, 58.50, new
00000, 1234, AM General, AMGEN > Seat belt, 3, 15.00, new
00000, 1234, AM General, AMGEN > Alternator (rebuilt), 1, 125.00, new
00000, 1234, AM General, AMGEN > Air brake assembly, 1, 325.00, new
00000, 1234, AM General, AMGEN > Hydraulic brake buster, 3, 85.00, new
00000, 1234, AM General, AMGEN > O-Ring tire, 5, 16.50, new
00000, 1234, AM General, AMGEN > O-Ring tire, 5, 12.95, new
00000, 1234, AM General, AMGEN > Starter, 2, 295.00, new
00000, 1234, AM General, AMGEN > CV boots, 3, 22.00, new
00000, 1234, AM General, AMGEN > Hub seal inner, 16, 10.80, new
00000, 1234, AM General, AMGEN > Retaining seal, 10, 6.50, new
00000, 1234, AM General, AMGEN > Schock absorber, 2, 58.00, new
00000, 1234, AM General, AMGEN > Air spring declutch cylinder, 1, 125.00, new
00000, 1234, AM General, AMGEN > Emergency brake cable, 3, 56.75, new
00000, 1234, AM General, AMGEN > Left door glass, 4, 89.00, new
00000, 1234, AM General, AMGEN > Right door glass, 3, 89.00, new
00000, 1234, AM General, AMGEN > Windshield, 2, 50.00, new
00000, 1234, AM General, AMGEN > Sprag, 1, 400.00, new
00000, 1234, AM General, AMGEN > Tires 900 X 20, 15, 100.00, new
00000, 1234, AM General, AMGEN > Engine spare, 0, 1200.00, new
00000, 1234, AM General, AMGEN > Horn Button kit, 0, 84.00, new
00000, 1234, AM General, AMGEN > Wiper Arm, 3, 10.00, new
00000, 1234, AM General, AMGEN > Wiper Blades, 13, 21.50, new
00000, 1234, AM General, AMGEN > Axel Gasket, 9, 15.50, new
00000, 1234, AM General, AMGEN > Wheel Bearing, 10, 46.50, new
00000, 1234, AM General, AMGEN > Wheel Bearing Seal, 1, 45.00, new
00000, 1234, AM General, AMGEN > Oil Sending Unit, 2, 45.00, new
00000, 1234, AM General, AMGEN > Flasher, 2, 23.95, new
00000, 1234, AM General, AMGEN > Brake Light Switch, 2, 10.75, new
00000, 1234, AM General, AMGEN > Master Switch, 5, 39.50, new
00000, 1234, AM General, AMGEN > Brake Line, 10, 25.00, new
00000, 1234, AM General, AMGEN > Door Handle, 5, 25.50, new
00000, 1234, AM General, AMGEN > Fuel Pump, 1, 125.00, new
00000, 1234, AM General, AMGEN > Left Door Latch, 2, 38.50, new
00000, 1234, AM General, AMGEN > Right Door Latch, 4, 58.50, new
00000, 1234, AM General, AMGEN > Head Lights, 4, 15.00, new
00000, 1234, AM General, AMGEN > Long Ex Pipe, 0, 95.00, new
00000, 1234, AM General, AMGEN > Short Ex Pipe, 1, 225.00, new
00000, 1234, AM General, AMGEN > Wiper Controlls , 4, 85.00, new
00000, 1234, AM General, AMGEN > Brake shoe M900, 1, 135.00, new
00000, 1234, AM General, AMGEN > Wheel vlave M900, 2, 22.95, new
00000, 1234, AM General, AMGEN > 14.00 R20 spair tire & rim M900, 4, 250.00, new
00000, 1234, AM General, AMGEN > 14.00 R20 like new tire only, 0, 300.00, new
00000, 1234, AM General, AMGEN > Push start button, 1, 25.50, new
00000, 1234, AM General, AMGEN > Mirror kit, 0, 194.00, new
00000, 1234, AM General, AMGEN > Wiring harnis 2.5, 0, 290.00, new
00000, 1234, AM General, AMGEN > Yellow marker lights, 4, 16.95, new
00000, 1234, AM General, AMGEN > Red marker lights, 1, 16.95, new
00000, 1234, AM General, AMGEN > sylanoid switch, 3, 142.85, new
00000, 1234, AM General, AMGEN > control box M 900, 3, 248.00, new
00000, 1234, AM General, AMGEN > Radius arm bushing M 900, 12, 53.00, new
00000, 1234, AM General, AMGEN > Ignitiong switch M 900, 0, 46.90, new
00000, 1234, AM General, AMGEN > Axle nuts, 5, 20.00, new
00000, 1234, AM General, AMGEN > Brake springs, 0, 9.50, new
00000, 1234, AM General, AMGEN > Injector lines 2.5, 8, 45.00, new
00000, 1234, AM General, AMGEN > Injectors 2.5, 1, 400.00, new
00000, 1234, AM General, AMGEN > Injector pump , 1, 1500.00, new
00000, 1234, AM General, AMGEN > 2.5 Radiator used, 3, 750.00, used
00000, 1234, AM General, AMGEN > 2.5 Radiantor new, 0, 750.00, new
00000, 1234, AM General, AMGEN > Axel gasket, 18, 17.50, new
00000, 1234, AM General, AMGEN > Outer seal, 3, 42.25, new
00000, 1234, AM General, AMGEN > Inner seal, 2, 27.95, new
00000, 1234, AM General, AMGEN > Wheel bearing, 2, 93.50, new
00000, 1234, AM General, AMGEN > Brake Peddle valve, 1, 140.00, new
00000, 1234, AM General, AMGEN > Exaust stak, 0, 75.00, new
00000, 1234, AM General, AMGEN > Exaust stak (used), 0, 250.00, used
00000, 1234, AM General, AMGEN > 1400 wheel sturdy studs Lg., 23, 41.60, new
00000, 1234, AM General, AMGEN > 1400 wheel sturdy studs sm., 8, 22.90, new
00000, 1234, AM General, AMGEN > Reflectors, 15, 4.95, new
00000, 1234, AM General, AMGEN > Axel studs, 0, 2.95, new
00000, 1234, AM General, AMGEN > Fuel pumps, 1, 350.00, new
00000, 1234, AM General, AMGEN > Mirror LH, 0, 35.00, new
00000, 1234, AM General, AMGEN > Mirror RH, 0, 35.00, new
00000, 1234, AM General, AMGEN > Emergency brake dam, 1, 12.50, new
24006, 1234, Engine Filters, FILTER > fuel tank, 3, 9.97, new
24071, 1234, Engine Filters, FILTER > DR1, 2, 13.33, new
33109, 1234, Engine Filters, FILTER > fl93, 4, 9.13, new
33118, 1234, Engine Filters, FILTER > DT 4&5, 0, 11.71, new
33243, 1234, Engine Filters, FILTER > FORD 08 GAS, 1, 14.34, new
33255, 1234, Engine Filters, FILTER > ST 13 Fuel, 2, 54.30, new
33336, 1234, Engine Filters, FILTER > DT 1, 1, 15.15, new
33352, 1234, Engine Filters, FILTER > DRT 1 Fuel, 3, 8.51, new
33357, 1234, Engine Filters, FILTER > DT4&5, 1, 12.17, new
33358, 1234, Engine Filters, FILTER > DT4&5, 2, 9.83, new
33369, 1234, Engine Filters, FILTER > 00000, 0, 24.38, new
33401, 1234, Engine Filters, FILTER > 5 TON 6X6, 2, 44.64, new
33403, 1234, Engine Filters, FILTER > DRT 1 Fuel, 4, 13.27, new
33418, 1234, Engine Filters, FILTER > DR6 Fuel, 4, 13.09, new
33472, 1234, Engine Filters, FILTER > LY 38, 8, 15.64, new
33512, 1234, Engine Filters, FILTER > 2.5 TON 6X6, 19, 8.65, new
33528, 1234, Engine Filters, FILTER > DR 3, 0, 14.57, new
33531, 1234, Engine Filters, FILTER > JD 450, 3, 25.39, new
42254, 1234, Engine Filters, FILTER > 00000, 3, 40.58, new
42471, 1234, Engine Filters, FILTER > JD 450&650, 2, 55.59, new
42714, 1234, Engine Filters, FILTER > DT 1, 2, 6.38, new
42927, 1234, Engine Filters, FILTER > 00000, 1, 78.80, new
42928, 1234, Engine Filters, FILTER > 00000, 0, 38.32, new
42947, 1234, Engine Filters, FILTER > JD 450&650, 2, 32.94, new
46883, 1234, Engine Filters, FILTER > ST-14, 2, 85.84, new
49883, 1234, Engine Filters, FILTER > FORD 08 GAS, 0, 20.95, new
51085, 1234, Engine Filters, FILTER > DODGE ST, 2, 6.87, new
51133, 1234, Engine Filters, FILTER > 2.5 TON 6X6, 6, 9.74, new
51203, 1234, Engine Filters, FILTER > 650 JD Wench, 2, 16.31, new
51243, 1234, Engine Filters, FILTER > 650 JD, 1, 7.21, new
51261, 1234, Engine Filters, FILTER > FORD 08 GAS, 0, 8.20, new
51268, 1234, Engine Filters, FILTER > DT 3, 8, 6.65, new
51372, 1234, Engine Filters, FILTER > JD 450&650, 2, 7.02, new
51418, 1234, Engine Filters, FILTER > DR1 Power stearing, 4, 9.30, new
51487, 1234, Engine Filters, FILTER > FL93 Power Stearing, 2, 9.93, new
51566, 1234, Engine Filters, FILTER > DT3, 2, 75.12, new
51724, 1234, Engine Filters, FILTER > LY 38, 2, 30.96, new
51748, 1234, Engine Filters, FILTER > ST-15 Oil, 2, 49.68, new
51750, 1234, Engine Filters, FILTER > DT3, 3, 14.25, new
51758, 1234, Engine Filters, FILTER > LY 38, 1, 16.56, new
51759, 1234, Engine Filters, FILTER > LY 38 HYD, 3, 18.83, new
51777, 1234, Engine Filters, FILTER > 00000, 1, 24.19, new
51789, 1234, Engine Filters, FILTER > DT 1, 4, 10.93, new
51797, 1234, Engine Filters, FILTER > DT 1, 7, 11.27, new
51954, 1234, Engine Filters, FILTER > DT 6&7, 1, 11.98, new
57060, 1234, Engine Filters, FILTER > ST-15 Oil, 4, 5.75, new
57243, 1234, Engine Filters, FILTER > St-14, 3, 16.40, new
57314, 1234, Engine Filters, FILTER > 08 FORD GAS, 2, 26.40, new
57899, 1234, Engine Filters, FILTER > ST14 Oil, 5, 4.93, new
7737491, 1234, Engine Filters, FILTER > AIR 5 TON, 2, 59.50, new
8729068, 1234, Engine Filters, FILTER > SHORT FUEL, 1, 95.00, new
10912373, 1234, Engine Filters, FILTER > AIR 2.5 TON, 0, 46.50, new
11604545, 1234, Engine Filters, FILTER > AIR M 900, 2, 62.00, new
57027757, 1234, Engine Filters, FILTER > LONG FUEL, 6, 45.00, new
4965, 1234, Engine Filters, FILTER > fuel tank, 2, 10.95, new
285, 1234, Engine Filters, FILTER > ST13 Oil, 7, 14.99, new
4360021, 1234, Engine Filters, FILTER > JD 450, 2, 33.95, new
4362418, 1234, Engine Filters, FILTER > JD 450, 2, 33.95, new
00000, 1234, General Supplies, GEN > Assortment pipe fillings, 1, 300.00, new
00000, 1234, General Supplies, GEN > Assortment bolts nuts washers, 1, 300.00, new
00000, 1234, General Supplies, GEN > Welding rod and supplies, 1, 200.00, new
00000, 1234, General Supplies, GEN > Steel fabricating, 1, 200.00, new
306, 1234, Lubricants, LUBE > 15W40 motor oil (gal), 42, 24.76, new
306, 1234, Lubricants, LUBE > 15W40 motor oil (quart), 0, 3.69, new
201, 1234, Lubricants, LUBE > 80W90 gear oil (gal), 24, 44.50, new
00000, 1234, Lubricants, LUBE > Tractor hyd. (gal), 15, 5.00, new
00000, 1234, Lubricants, LUBE > 15W40 (gal), 4, 3.95, new
00000, 1234, Lubricants, LUBE > 80W90 gear oil (gal), 0, 8.32, new
00000, 1234, Lubricants, LUBE > Antifreeze (gal), 3, 6.50, new
00000, 1234, Lubricants, LUBE > Chain bar oil, 0, 5.79, new
00000, 1234, Lubricants, LUBE > Tube grease, 7, 4.53, new
